rank,show_name,composite_score,genre,country,consumption_score,platform_reach_score,platform_count_score,genre_rank_score,total_consumption,platforms_present,spotify_plays,youtube_views,youtube_views_us,amazon_plays,amazon_plays_us,apple_plays,iheart_streams
1,the joe rogan experience,99.0,Interview & Talk,US,100.0,100.0,80.0,100.0,666585686.825,4,536243172.0,395225451.0,29641908.825,0.0,0.0,83547716.0,17152890.0
2,the daily,50.925614082322745,News & Politics,US,26.03940628049653,100.0,80.0,100.0,173574955.2,4,67265364.0,0.0,0.0,12565208.0,8167385.2,97032836.0,1109370.0
3,48 hours,47.9445083745535,True Crime,US,20.410906184176604,100.0,100.0,96.7741935483871,136056179.175,5,15750645.0,243134227.0,18235067.025,19609351.0,12746078.15,27074199.0,62250190.0
4,crime junkie,44.082969172863926,True Crime,US,26.499330504882835,64.2920217234504,80.0,100.0,176640744.25,4,82113099.0,0.0,0.0,25268205.0,16424333.25,62384372.0,15718940.0
5,the meidastouch,43.89969811877066,News & Politics,US,16.966004995347355,100.0,60.0,98.71794871794873,113092960.925,3,19009837.0,1002173119.0,75162983.925,0.0,0.0,18920140.0,0.0
6,morbid,40.79670721918605,True Crime,US,18.79595931571404,75.3160231585693,80.0,95.16129032258065,125291174.5,4,50270144.0,0.0,0.0,46269010.0,30074856.5,38763934.0,6182240.0
7,dateline nbc,40.3857773790485,True Crime,US,20.819219883194645,65.07287388776311,80.0,98.38709677419355,138777939.85,4,39775810.0,0.0,0.0,28182269.0,18318474.85,63142055.0,17541600.0
8,mrballen strange dark mysterious stories,39.53544229989013,True Crime,US,11.047082446481092,100.0,60.0,93.54838709677419,73638270.4,3,30551959.0,0.0,0.0,61433156.0,39931551.4,0.0,3154760.0
9,pardon my take,35.47652322454337,Sports,US,17.400240628096537,55.83183408140312,60.0,100.0,115987513.5,3,56647993.0,0.0,0.0,7945090.0,5164308.5,54175212.0,0.0
10,shawn ryan,29.232196569153075,Society & Culture,US,13.723465982403557,26.55971840295382,100.0,100.0,91478659.975,5,51797592.0,116621019.0,8746576.424999999,2992867.0,1945363.55,25771648.0,3217480.0
11,the megyn kelly,28.525294936220376,News & Politics,US,11.24499793222814,43.64433396546299,60.0,94.87179487179486,74957546.7,3,29268578.0,0.0,0.0,5137898.0,3339633.7,42349335.0,0.0
12,the ben shapiro,28.4938274287171,News & Politics,US,11.675544260588392,36.44669521975015,80.0,96.15384615384616,77827506.9,4,33786483.0,0.0,0.0,2632326.0,1711011.9000000001,35365262.0,6964750.0
13,this past weekend,27.74788919233464,Comedy,US,14.728000820511767,20.87344329500995,80.0,100.0,98174745.425,4,66189292.0,136577859.0,10243339.424999999,0.0,0.0,20254094.0,1488020.0
14,armchair expert,27.265286611209216,Interview & Talk,US,14.116536719862683,22.060591942298792,80.0,96.7741935483871,94098813.25,4,68659308.0,0.0,0.0,4708765.0,3060697.25,21406018.0,972790.0
15,smartless,26.71246553748324,Comedy,US,10.19185692744041,31.063792673234865,80.0,98.75,67937459.5,4,26427676.0,0.0,0.0,13377130.0,8695134.5,30142079.0,2672570.0
16,the mel robbins,26.333194346639804,Interview & Talk,US,10.50994918353121,30.73444333833549,80.0,93.54838709677419,70057816.95,4,35481882.0,0.0,0.0,5328543.0,3463552.95,29822502.0,1289880.0
17,pod save america,26.194861316514647,News & Politics,US,9.266496614142927,39.063320791736935,60.0,93.58974358974359,61769140.1,3,21702593.0,0.0,0.0,3326614.0,2162299.1,37904248.0,0.0
18,up first from npr,25.875092604258413,News & Politics,US,7.25247739420661,44.651065336274414,60.0,92.3076923076923,48343976.25,3,0.0,0.0,0.0,7204725.0,4683071.25,43326195.0,334710.0
19,the tucker carlson,25.832653018985052,News & Politics,US,13.479253879267391,21.63774126935752,60.0,97.43589743589743,89850777.05,3,59652952.0,122694814.0,9202111.049999999,0.0,0.0,20995714.0,0.0
20,the bill simmons,25.33547057964111,Sports,US,10.254529965319435,36.12790828869518,40.0,94.44444444444444,68355229.0,2,33299295.0,0.0,0.0,0.0,0.0,35055934.0,0.0
21,my favorite murder,25.112389205538342,True Crime,US,9.29201971692816,29.395140012191334,80.0,91.93548387096774,61939273.45,4,26173298.0,0.0,0.0,7848273.0,5101377.45,28522938.0,2141660.0
22,npr news now,24.83945972794507,News & Politics,US,3.607606752635436,59.523858744942224,40.0,85.8974358974359,24047790.25,2,0.0,0.0,0.0,36567385.0,23768800.25,0.0,278990.0
23,2020,23.50149066226942,True Crime,US,8.369655102517509,25.951235518487774,80.0,88.70967741935483,55790922.95,4,15097370.0,0.0,0.0,15942663.0,10362730.950000001,24072042.0,6258780.0
24,rotten mango,23.057972430644753,True Crime,US,8.606221710707223,27.158351270844655,60.0,90.32258064516128,57367842.1,3,34905608.0,272173696.0,20413027.2,3152626.0,2049206.9000000001,0.0,0.0
25,stuff you should know,22.987137053169995,Education,US,7.20880880729373,21.507056642145344,80.0,100.0,48052887.7,4,20202353.0,0.0,0.0,3946858.0,2565457.7,20868907.0,4416170.0
26,conan obrien needs a friend,22.542527028812152,Comedy,US,7.569491570593326,20.61178753963246,80.0,95.0,50457147.375,4,19653685.0,99500107.0,7462508.024999999,5139619.0,3340752.35,20000202.0,0.0
27,the ramsey,22.002078065904342,Business,US,6.424240340948457,19.131609221439223,80.0,100.0,42823066.6,4,17393766.0,0.0,0.0,4437904.0,2884637.6,18563943.0,3980720.0
28,small town murder,20.639638394723807,Comedy,US,4.395311379929433,30.16342998884837,60.0,87.5,29298516.55,3,14339251.0,0.0,0.0,18530347.0,12044725.55,0.0,2914540.0
29,the toast,20.489751189716383,Comedy,US,7.27366713061886,21.934337774070624,40.0,93.75,48485224.0,2,27201714.0,0.0,0.0,0.0,0.0,21283510.0,0.0
30,김어준의 겸손은힘들다 뉴스공장,20.28469654660605,News & Politics,KR,4.253953165430691,37.72634007358563,20.0,89.74358974358975,28356242.925,1,0.0,378083239.0,28356242.925,0.0,0.0,0.0,0.0
31,good mythical morning,20.02715529400637,Comedy,US,4.291836337090555,38.06230837448754,20.0,86.25,28608766.724999998,1,0.0,381450223.0,28608766.724999998,0.0,0.0,0.0,0.0
32,distractible,19.85260656693639,Comedy,US,9.104098670203244,10.924712156521407,40.0,97.5,60686618.65,2,58583023.0,0.0,0.0,3236301.0,2103595.65,0.0,0.0
33,the dan le batard,19.847031854365117,Sports,US,6.360724785729049,24.11835927376172,40.0,88.88888888888889,42399681.0,2,18996953.0,0.0,0.0,0.0,0.0,23402728.0,0.0
34,the ezra klein,19.268904706493284,News & Politics,US,5.243448620458608,23.790495003155428,40.0,91.02564102564102,34952078.0,2,11867486.0,0.0,0.0,0.0,0.0,23084592.0,0.0
35,the bobby bones,19.05782522722251,Interview & Talk,US,3.4641817933396934,37.0950514367908,20.0,83.87096774193549,23091740.0,1,0.0,0.0,0.0,0.0,0.0,0.0,23091740.0
36,víctor y alba en vivo,18.855763619555145,Entertainment,CA,3.341849849957584,29.637318280535517,20.0,97.5609756097561,22276292.775,1,0.0,297017237.0,22276292.775,0.0,0.0,0.0,0.0
37,smosh reads reddit stories,18.74059942958973,Comedy,US,6.975982104639454,14.781055307870417,40.0,92.5,46500898.225,2,35391016.0,148131763.0,11109882.225,0.0,0.0,0.0,0.0
38,matt and shanes secret,18.040045642978185,Comedy,US,8.251654376497344,10.257351491274559,20.0,96.25,55004347.0,1,55004347.0,0.0,0.0,0.0,0.0,0.0,0.0
39,close the door,17.8281738941469,Entertainment,ID,3.0185074773863825,26.769744559472663,20.0,95.1219512195122,20120938.8,1,0.0,268279184.0,20120938.8,0.0,0.0,0.0,0.0
40,the why files operation,17.812056956722923,Education,US,3.567279727871315,20.914901530101808,40.0,93.10344827586206,23778976.075,2,8058712.0,209603521.0,15720264.075,0.0,0.0,0.0,0.0
41,the joe budden,17.235519227767846,Interview & Talk,US,4.342262003534282,18.51685753057862,40.0,87.09677419354838,28944897.0,2,10977465.0,0.0,0.0,0.0,0.0,17967432.0,0.0
42,bad friends,17.185899796089316,Comedy,US,5.7578088696759195,6.591620153999835,60.0,91.25,38380729.8,3,35347113.0,0.0,0.0,2618472.0,1702006.8,0.0,1331610.0
43,kill tony,17.16330056537019,Comedy,US,5.058509028390282,15.001348484582532,40.0,88.75,33719297.15,2,22443836.0,150339482.0,11275461.15,0.0,0.0,0.0,0.0
44,last on the left,17.128912058146035,True Crime,US,7.217719342154282,8.638585331954586,40.0,87.09677419354838,48112284.05,2,46323824.0,0.0,0.0,2751477.0,1788460.05,0.0,0.0
45,rita panahi,17.004915742051352,News & Politics,AU,3.1123300702444534,27.60181367426998,20.0,84.61538461538461,20746346.775,1,0.0,276617957.0,20746346.775,0.0,0.0,0.0,0.0
46,the diary of a ceo,16.798371870301185,Business,GB,3.3444896568643023,29.66072950515848,20.0,76.92307692307693,22293889.349999998,1,0.0,297251858.0,22293889.349999998,0.0,0.0,0.0,0.0
47,breaking points,16.784879046932733,News & Politics,US,4.136419494893644,16.250262645490093,40.0,88.46153846153845,27572780.299999997,2,15358598.0,162855764.0,12214182.299999999,0.0,0.0,0.0,0.0
48,the rest is history,16.61775873307844,Education,GB,3.0927167740720263,18.209877942761562,40.0,89.65517241379311,20615607.35,2,0.0,0.0,0.0,4532379.0,2946046.35,17669561.0,0.0
49,financial audit,16.5089702526507,Business,US,3.842012389582484,13.90446484326427,40.0,92.3076923076923,25610304.674999997,2,15159294.0,139346809.0,10451010.674999999,0.0,0.0,0.0,0.0
50,podhub,16.365688131110044,Entertainment,ID,2.5157308852331433,22.310851863908358,20.0,92.6829268292683,16769502.0,1,0.0,223593360.0,16769502.0,0.0,0.0,0.0,0.0
51,call her daddy,16.151499909542732,Interview & Talk,US,5.712075844496212,7.031962730520325,40.0,90.32258064516128,38075880.0,2,37708420.0,0.0,0.0,0.0,0.0,0.0,367460.0
52,good hang,16.043810875547234,Comedy,US,5.6241038085539,6.940716999935992,40.0,90.0,37489471.0,2,37219121.0,0.0,0.0,0.0,0.0,0.0,270350.0
53,redhanded,15.339976124203522,True Crime,GB,1.735082275031866,28.964089033615657,20.0,74.19354838709677,11565810.1,1,0.0,0.0,0.0,17793554.0,11565810.1,0.0,0.0
54,dr insanity podcasts,15.277465037474348,Entertainment,US,2.2680036938700434,20.11387415790385,20.0,87.8048780487805,15118188.0,1,0.0,201575840.0,15118188.0,0.0,0.0,0.0,0.0
55,full surahs,15.082644031093775,Society & Culture,US,1.9595231615630482,17.378103213722298,20.0,93.33333333333333,13061900.924999999,1,0.0,174158679.0,13061900.924999999,0.0,0.0,0.0,0.0
56,lawcrime sidebar,15.067591094810478,True Crime,US,2.4768150968915754,21.965725763993476,20.0,80.64516129032258,16510094.924999999,1,0.0,220134599.0,16510094.924999999,0.0,0.0,0.0,0.0
57,hoy en negocios televisión,15.001233698266553,News & Politics,ES,2.3914213416324053,21.208408105386432,20.0,82.05128205128204,15940872.375,1,0.0,212544965.0,15940872.375,0.0,0.0,0.0,0.0
58,banglavision world news banglavision,14.858044430241268,News & Politics,BD,2.385239019417194,21.15357995348506,20.0,80.76923076923077,15899661.899999999,1,0.0,211995492.0,15899661.899999999,0.0,0.0,0.0,0.0
59,morning wire,14.79297606281013,News & Politics,US,2.697534068822675,18.53122792371028,20.0,83.33333333333334,17981376.0,1,0.0,0.0,0.0,0.0,0.0,17981376.0,0.0
60,권순표의 뉴스 하이킥 2025,14.717557212169442,News & Politics,KR,2.3801715388715357,21.108638815924976,20.0,79.48717948717949,15865882.799999999,1,0.0,211545104.0,15865882.799999999,0.0,0.0,0.0,0.0
61,curhat bang denny sumargo,14.642742112781663,Entertainment,ID,2.106754653237374,18.683831111618552,20.0,85.36585365853658,14043324.975,1,0.0,187244333.0,14043324.975,0.0,0.0,0.0,0.0
62,political analysis,14.575498995502784,News & Politics,IN,2.3744558783416085,21.057949270339588,20.0,78.2051282051282,15827783.024999999,1,0.0,211037107.0,15827783.024999999,0.0,0.0,0.0,0.0
63,the luke beasley,14.365482661297808,News & Politics,US,2.3407013056816846,20.758595601485098,20.0,76.92307692307693,15602779.875,1,0.0,208037065.0,15602779.875,0.0,0.0,0.0,0.0
64,,14.331959359689169,Other,Unknown,1.3747366626859163,12.191902644716615,20.0,100.0,9163797.825,1,0.0,122183971.0,9163797.825,0.0,0.0,0.0,0.0
65,유선배 복지 콘텐츠 핑계고,14.174599943775075,Society & Culture,KR,1.8599329943690919,16.494884153842488,20.0,86.66666666666667,12398047.125,1,0.0,165307295.0,12398047.125,0.0,0.0,0.0,0.0
66,creepcast,14.105847713143286,Entertainment,US,3.456267582002322,4.296368924208885,20.0,100.0,23038985.0,1,23038985.0,0.0,0.0,0.0,0.0,0.0,0.0
67,安住紳一郎の日曜天国,14.094078197982991,Entertainment,JP,1.5095132927211574,25.198619130034604,20.0,70.73170731707317,10062199.55,1,0.0,0.0,0.0,15480307.0,10062199.55,0.0,0.0
68,ihip news,14.066755260577,News & Politics,US,2.270345339559189,20.134641128804812,20.0,75.64102564102564,15133797.075,1,0.0,201783961.0,15133797.075,0.0,0.0,0.0,0.0
69,huberman lab,13.93664535375023,Education,US,3.6517078720879415,4.539314115499824,20.0,96.55172413793103,24341762.0,1,24341762.0,0.0,0.0,0.0,0.0,0.0,0.0
70,brian tyler cohen,13.921513159969615,News & Politics,US,2.263316036961472,20.072301500236108,20.0,74.35897435897436,15086940.75,1,0.0,201159210.0,15086940.75,0.0,0.0,0.0,0.0
71,the devory darkins,13.623896794412596,News & Politics,US,2.1934184740211022,19.452412393032866,20.0,73.07692307692307,14621013.6,1,0.0,194946848.0,14621013.6,0.0,0.0,0.0,0.0
72,언알바,13.418488347078448,Society & Culture,KR,1.8230288153772343,16.16759808541622,20.0,80.0,12152049.15,1,0.0,162027322.0,12152049.15,0.0,0.0,0.0,0.0
73,mrballens medical mysteries,13.407559844902575,True Crime,US,1.4123521005742232,23.576687155711166,20.0,67.74193548387096,9414536.950000001,1,0.0,0.0,0.0,14483903.0,9414536.950000001,0.0,0.0
74,las alucines,13.364352823159734,Comedy,MX,2.0069885146682167,17.799051443126963,20.0,75.0,13378298.174999999,1,0.0,178377309.0,13378298.174999999,0.0,0.0,0.0,0.0
75,the deck,13.345405570246509,True Crime,US,2.114817506380231,6.14419353614195,60.0,77.41935483870968,14097070.8,3,9260409.0,0.0,0.0,3774572.0,2453471.8000000003,0.0,2383190.0
76,candace,13.3255504394116,News & Politics,US,4.014632406444935,4.990453286368371,20.0,87.17948717948718,26760965.0,1,26760965.0,0.0,0.0,0.0,0.0,0.0,0.0
77,die nervigen,13.323853257312807,Comedy,DE,1.4914484433881992,24.89705884555239,20.0,63.74999999999999,9941781.85,1,0.0,0.0,0.0,15295049.0,9941781.85,0.0,0.0
78,figuring out,13.31963827603286,Business,IN,2.5439507418424228,22.561120699945654,20.0,61.53846153846154,16957611.525,1,0.0,226101487.0,16957611.525,0.0,0.0,0.0,0.0
79,behind the bastards,13.032803673407225,Education,US,2.7394526106579966,3.15734910653557,40.0,86.20689655172413,18260799.0,2,16931069.0,0.0,0.0,0.0,0.0,0.0,1329730.0
80,serial killers,13.022771083646541,True Crime,US,2.7921721644896795,3.2973603997702745,40.0,85.48387096774194,18612220.0,2,17681870.0,0.0,0.0,0.0,0.0,0.0,930350.0
81,murder mystery makeup,13.010183151285968,True Crime,US,2.185817639499538,8.430879395798282,40.0,79.03225806451613,14570347.524999999,2,8233447.0,84492007.0,6336900.524999999,0.0,0.0,0.0,0.0
82,sport shorts,12.874350735448397,Sports,AU,1.6902094018346157,14.98968423239059,20.0,77.77777777777779,11266693.95,1,0.0,150222586.0,11266693.95,0.0,0.0,0.0,0.0
83,two hot takes,12.845974829304916,Comedy,US,3.723487241110849,4.628540612914322,20.0,85.0,24820233.0,1,24820233.0,0.0,0.0,0.0,0.0,0.0,0.0
84,malam mencekam,12.790208271228764,Entertainment,ID,1.744943610385929,15.475096573609054,20.0,75.60975609756098,11631544.35,1,0.0,155087258.0,11631544.35,0.0,0.0,0.0,0.0
85,a closer look late night,12.788322033190497,Comedy,US,1.8724711236226745,16.60607901417879,20.0,72.5,12481624.5,1,0.0,166421660.0,12481624.5,0.0,0.0,0.0,0.0
86,snapped women who murder,12.785002393384872,True Crime,US,1.5333799017924927,13.457656318356817,40.0,70.96774193548387,10221290.95,2,0.0,0.0,0.0,8267463.0,5373850.95,0.0,4847440.0
87,teenmaar varthalu by v6,12.771924803570341,News & Politics,IN,2.000591313851753,17.742317632448888,20.0,69.23076923076923,13335655.35,1,0.0,177808738.0,13335655.35,0.0,0.0,0.0,0.0
88,the breakfast club,12.752127048216092,Entertainment,US,1.588694478340969,17.012012332813764,20.0,73.17073170731707,10590010.0,1,0.0,0.0,0.0,0.0,0.0,0.0,10590010.0
89,pbd,12.5137406719341,Business,US,3.3965694804881097,4.222160240391835,20.0,84.61538461538461,22641046.0,1,22641046.0,0.0,0.0,0.0,0.0,0.0,0.0
90,murder in america,12.456680332688313,True Crime,US,2.541096716414632,2.8958050770294936,40.0,82.25806451612904,16938587.0,2,15528557.0,0.0,0.0,0.0,0.0,0.0,1410030.0
91,свежие интервью,12.40925048059339,Interview & Talk,TR,1.5131014023179779,13.418995426078675,20.0,77.41935483870968,10086117.375,1,0.0,134481565.0,10086117.375,0.0,0.0,0.0,0.0
92,la corneta,12.359685891272825,Comedy,ES,1.375076150173381,22.954431968300636,20.0,58.75,9166060.8,1,0.0,0.0,0.0,14101632.0,9166060.8,0.0,0.0
93,giggly squad,12.315337426966481,Comedy,US,3.272083459200669,4.067415892430235,20.0,83.75,21811240.0,1,21811240.0,0.0,0.0,0.0,0.0,0.0,0.0
94,sword and scale,12.239703353996312,Society & Culture,US,1.6735940510719052,4.092669437331203,60.0,73.33333333333333,11155938.4,3,7889702.0,0.0,0.0,2514256.0,1634266.4000000001,0.0,1631970.0
95,подкасти 24 каналу,12.147231215558197,News & Politics,UA,1.7957446111714293,15.92562711712486,20.0,67.94871794871796,11970176.549999999,1,0.0,159602354.0,11970176.549999999,0.0,0.0,0.0,0.0
96,rotten mango video,12.117926954699122,Entertainment,US,2.3297417431762297,2.8960228886606694,20.0,90.2439024390244,15529725.0,1,15529725.0,0.0,0.0,0.0,0.0,0.0,0.0
97,dick doof,12.096143201846047,Comedy,DE,1.340341846005703,22.374605009711697,20.0,57.49999999999999,8934526.9,1,0.0,0.0,0.0,13745426.0,8934526.9,0.0,0.0
98,direito estatal,12.037933964145143,Education,US,1.1396061864428106,10.106639369958994,20.0,82.75862068965517,7596451.725,1,0.0,101286023.0,7596451.725,0.0,0.0,0.0,0.0
99,politik wirtschaft,12.002734240983294,News & Politics,DE,1.7890227409174464,15.866013963601432,20.0,66.66666666666666,11925369.525,1,0.0,159004927.0,11925369.525,0.0,0.0,0.0,0.0
100,wow in the world,11.870390645459139,Education,US,0.9098364126129539,15.188088334579458,20.0,72.41379310344827,6064839.3,1,0.0,0.0,0.0,9330522.0,6064839.3,0.0,0.0
101,farron balanced,11.849443721148317,News & Politics,US,1.7786727324543763,15.774224532957165,20.0,65.38461538461539,11856377.85,1,0.0,158085038.0,11856377.85,0.0,0.0,0.0,0.0
102,crime conspiracy cults and murder,11.789321704935118,True Crime,US,2.6732579700107184,3.3230362511730034,20.0,83.87096774193549,17819555.0,1,17819555.0,0.0,0.0,0.0,0.0,0.0,0.0
103,the basement yard,11.70742558269474,Comedy,US,2.734686681741743,3.3993961978130325,20.0,82.5,18229030.0,1,18229030.0,0.0,0.0,0.0,0.0,0.0,0.0
104,과학을 보다,11.642345035120671,Education,KR,1.1186625099193974,9.920899604572211,20.0,79.3103448275862,7456844.175,1,0.0,99424589.0,7456844.175,0.0,0.0,0.0,0.0
105,dan wootton outspoken,11.583827988028531,News & Politics,GB,1.7219783445505423,15.271428269071343,20.0,64.1025641025641,11478461.174999999,1,0.0,153046149.0,11478461.174999999,0.0,0.0,0.0,0.0
106,2 bears 1 cave,11.571383430178752,Comedy,US,2.7223986891221976,3.3841214112466127,20.0,81.25,18147120.0,1,18147120.0,0.0,0.0,0.0,0.0,0.0,0.0
107,vince,11.512152404873532,News & Politics,US,2.0256165736641187,5.721097903549022,40.0,70.51282051282051,13502470.15,2,11217947.0,0.0,0.0,3514651.0,2284523.15,0.0,0.0
108,کلیپ کوتاه استند آپ کمدیهای مکس امینی,11.472804488898408,Comedy,US,1.5875697542209972,14.079420743273799,20.0,66.25,10582512.75,1,0.0,141100170.0,10582512.75,0.0,0.0,0.0,0.0
109,подкасти на 24 каналі,11.420865282882003,News & Politics,UA,1.7076376788432852,15.14424754791293,20.0,62.82051282051282,11382868.35,1,0.0,151771578.0,11382868.35,0.0,0.0,0.0,0.0
110,elvis duran and the morning on demand,11.402907139788248,Interview & Talk,US,1.415405428961297,15.156403538687993,20.0,64.51612903225806,9434890.0,1,0.0,0.0,0.0,0.0,0.0,0.0,9434890.0
111,the tim dillon,11.377135073391877,Comedy,US,2.6453373284970247,3.2883290493440542,20.0,80.0,17633440.0,1,17633440.0,0.0,0.0,0.0,0.0,0.0,0.0
112,the matt walsh,11.340060124168577,News & Politics,US,2.1282524183157925,3.8860443638806563,40.0,71.7948717948718,14186626.0,2,11767556.0,0.0,0.0,0.0,0.0,0.0,2419070.0
113,уроки истории,11.223272146403751,Education,RU,1.0880295614424214,9.649230174572264,20.0,75.86206896551724,7252649.325,1,0.0,96701991.0,7252649.325,0.0,0.0,0.0,0.0
114,andrew schulzs flagrant,11.191731358094705,Comedy,US,2.5781185134435245,3.2047716217820676,20.0,78.75,17185369.0,1,17185369.0,0.0,0.0,0.0,0.0,0.0,0.0
115,mordlust,11.108519778480002,True Crime,DE,0.9168301571414409,15.304836365561295,20.0,64.51612903225806,6111458.600000001,1,0.0,0.0,0.0,9402244.0,6111458.600000001,0.0,0.0
116,bulwark takes,11.074347035376128,News & Politics,US,1.6175636363207322,14.345422589607493,20.0,61.53846153846154,10782447.674999999,1,0.0,143765969.0,10782447.674999999,0.0,0.0,0.0,0.0
117,fantasy footballers fantasy football,10.968701869347374,Sports,US,1.8198803604351603,2.2622315086559275,20.0,83.33333333333334,12131062.0,1,12131062.0,0.0,0.0,0.0,0.0,0.0,0.0
118,chainsfr on spotify,10.938629874611465,Entertainment,US,1.8316522903686936,2.276864795212721,20.0,82.92682926829268,12209532.0,1,12209532.0,0.0,0.0,0.0,0.0,0.0,0.0
119,legal af,10.915583722453288,News & Politics,US,1.6049556023258373,14.233607776502335,20.0,60.256410256410255,10698404.325,1,0.0,142645391.0,10698404.325,0.0,0.0,0.0,0.0
120,new heights,10.852513468005917,Sports,US,1.6211390693777368,2.8827542534408326,40.0,72.22222222222221,10806281.0,2,9011761.0,0.0,0.0,0.0,0.0,0.0,1794520.0
121,lex fridman,10.817636529422508,Interview & Talk,US,1.9509176775069434,2.4251195500536835,20.0,80.64516129032258,13004538.0,1,13004538.0,0.0,0.0,0.0,0.0,0.0,0.0
122,caso cerrado pleitos familiares con escándalo,10.762602290636634,Entertainment,US,1.310899367134787,11.62575924170243,20.0,65.85365853658537,8738267.549999999,1,0.0,116510234.0,8738267.549999999,0.0,0.0,0.0,0.0
123,mord auf ex,10.706290197105197,True Crime,DE,0.8564238120970546,14.296460692984747,20.0,62.903225806451616,5708798.55,1,0.0,0.0,0.0,8782767.0,5708798.55,0.0,0.0
124,the adam mockler,10.69754285755843,News & Politics,US,1.5678901799977902,13.904891715619843,20.0,58.97435897435898,10451331.525,1,0.0,139351087.0,10451331.525,0.0,0.0,0.0,0.0
125,conspiracy theories,10.674078839556383,Entertainment,US,1.8086739992011227,2.2483012613538698,20.0,80.48780487804879,12056362.0,1,12056362.0,0.0,0.0,0.0,0.0,0.0,0.0
126,anything goes,10.66828463351482,Comedy,US,2.1347167035309824,2.653593881098406,20.0,77.5,14229716.0,1,14229716.0,0.0,0.0,0.0,0.0,0.0,0.0
127,beto ribeiro crime comportamento e mistério,10.650510641725024,True Crime,BR,1.2532896805498401,11.11484561780588,20.0,66.12903225806451,8354249.625,1,0.0,111389995.0,8354249.625,0.0,0.0,0.0,0.0
128,ceo dan cinderella,10.62191953343688,Business,ID,2.06565157670643,18.319306965965428,20.0,46.15384615384615,13769337.75,1,0.0,183591170.0,13769337.75,0.0,0.0,0.0,0.0
129,hablando huevadas,10.605054631226093,Comedy,PE,1.4358394485768067,12.733794948255841,20.0,61.25000000000001,9571100.25,1,0.0,127614670.0,9571100.25,0.0,0.0,0.0,0.0
130,dungeons and daddies,10.536387568357659,Comedy,US,2.127041471222337,2.644053060315703,20.0,76.25,14178554.0,1,14178554.0,0.0,0.0,0.0,0.0,0.0,0.0
131,nbc nightly news,10.439082941364408,News & Politics,US,1.5141482182244572,13.428279151438705,20.0,57.692307692307686,10093095.299999999,1,0.0,134574604.0,10093095.299999999,0.0,0.0,0.0,0.0
132,the rewatchables,10.425734195554494,Entertainment,US,1.8037305987274412,2.2421562880058454,20.0,78.04878048780488,12023410.0,1,12023410.0,0.0,0.0,0.0,0.0,0.0,0.0
133,just creepy scary stories,10.302657994085965,True Crime,US,1.9163003725511323,2.382087953187029,20.0,75.80645161290323,12773784.0,1,12773784.0,0.0,0.0,0.0,0.0,0.0,0.0
134,allin with chamath jason sacks friedberg,10.248258743025673,Business,US,2.587522405732088,3.216461281114457,20.0,69.23076923076923,17248054.0,1,17248054.0,0.0,0.0,0.0,0.0,0.0,0.0
135,wissen mit johnny,10.235932037052347,Education,DE,0.5865105382957906,9.790742315110753,20.0,68.96551724137932,3909595.3000000003,1,0.0,0.0,0.0,6014762.0,3909595.3000000003,0.0,0.0
136,true crime,10.219710324311185,True Crime,US,1.4489505536796297,1.712042967258413,40.0,69.35483870967742,9658497.0,2,8592747.0,0.0,0.0,0.0,0.0,0.0,1065750.0
137,anatomy of murder,10.1962127999111,True Crime,US,0.7842245945752496,7.78717277686336,40.0,61.29032258064516,5227528.9,2,0.0,0.0,0.0,4783906.0,3109538.9,0.0,2117990.0
138,acharya shri kaushik ji maharaj कथ वचक,10.097959734116568,Society & Culture,IN,1.0031297974382514,8.896293495575188,20.0,66.66666666666666,6686719.649999999,1,0.0,89156262.0,6686719.649999999,0.0,0.0,0.0,0.0
139,not another dd,10.06503912150777,Comedy,US,1.8807192005146154,2.337858205866349,20.0,73.75,12536605.0,1,12536605.0,0.0,0.0,0.0,0.0,0.0,0.0
140,микола давидюк,9.95871797114038,News & Politics,UA,1.4217465042102015,12.608811152916186,20.0,55.12820512820513,9477158.7,1,0.0,126362116.0,9477158.7,0.0,0.0,0.0,0.0
141,memoria del balón,9.876430183948393,Sports,CO,1.1409459429327133,10.118521049655095,20.0,61.111111111111114,7605382.35,1,0.0,101405098.0,7605382.35,0.0,0.0,0.0,0.0
142,murder,9.790077507011581,True Crime,US,1.7048636393813703,2.1192581264232864,20.0,72.58064516129032,11364377.0,1,11364377.0,0.0,0.0,0.0,0.0,0.0,0.0
143,your moms house,9.763490697560496,Comedy,US,1.82335478247238,2.266550444767248,20.0,71.25,12154222.0,1,12154222.0,0.0,0.0,0.0,0.0,0.0,0.0
144,cold case files,9.756273471212062,True Crime,US,0.6948362740971911,7.490891400728297,40.0,58.06451612903226,4631679.15,2,0.0,0.0,0.0,4601891.0,2991229.15,0.0,1640450.0
145,greeking out from national geographic kids,9.748721758800214,Education,Unknown,0.5508134996849885,9.194844230369673,20.0,65.51724137931035,3671643.95,1,0.0,0.0,0.0,5648683.0,3671643.95,0.0,0.0
146,the dr john delony,9.737792297794458,Interview & Talk,Unknown,1.467191269375033,1.8238156699550478,20.0,74.19354838709677,9780087.0,1,9780087.0,0.0,0.0,0.0,0.0,0.0,0.0
147,timcast news stories,9.715303961362316,News & Politics,US,1.3742123489976572,12.187252749492275,20.0,53.84615384615385,9160302.825,1,0.0,122137371.0,9160302.825,0.0,0.0,0.0,0.0
148,park predators,9.691676633693953,True Crime,US,0.7136654662746927,6.300260725657656,40.0,59.67741935483871,4757191.85,2,0.0,0.0,0.0,3870449.0,2515791.85,0.0,2241400.0
149,casefile true crime,9.650003129365578,True Crime,AU,0.5941462483036717,8.093233888228045,40.0,56.451612903225815,3960493.85,2,0.0,0.0,0.0,4971929.0,3231753.85,0.0,728740.0
150,monólogos,9.616947794466398,Comedy,MX,1.2860248118784678,11.40515833372697,20.0,55.00000000000001,8572457.325,1,0.0,114299431.0,8572457.325,0.0,0.0,0.0,0.0
151,the lol,9.523135590962113,Comedy,US,1.6949846393815866,2.106977876820406,20.0,70.0,11298525.0,1,11298525.0,0.0,0.0,0.0,0.0,0.0,0.0
152,rof daily updates,9.511719643206431,News & Politics,US,1.34311156869326,11.911434335727778,20.0,52.56410256410257,8952989.475,1,0.0,119373193.0,8952989.475,0.0,0.0,0.0,0.0
153,bhoot dot com,9.448187818008615,Entertainment,BD,1.0704796009028827,9.493587704181875,20.0,58.536585365853654,7135663.8,1,0.0,95142184.0,7135663.8,0.0,0.0,0.0,0.0
154,what now,9.410260546108267,Interview & Talk,US,1.4616815501107425,1.8169667249394832,20.0,70.96774193548387,9743360.0,1,9743360.0,0.0,0.0,0.0,0.0,0.0,0.0
155,歴史を面白く学ぶコテンラジオ coten radio,9.401120642898976,Education,JP,0.5501181427201431,9.183236492033716,20.0,62.06896551724138,3667008.8000000003,1,0.0,0.0,0.0,5641552.0,3667008.8000000003,0.0,0.0
156,韓國留學生tv,9.381410446493865,Society & Culture,KR,0.9825486737040395,8.713769042931196,20.0,60.0,6549528.825,1,0.0,87327051.0,6549528.825,0.0,0.0,0.0,0.0
157,penitencia con saskia niño de rivera,9.351494394073946,Interview & Talk,MX,1.1831558051546525,10.492860764907427,20.0,54.83870967741935,7886747.25,1,0.0,105156630.0,7886747.25,0.0,0.0,0.0,0.0
158,my brother my brother and me,9.350447404315478,Comedy,US,1.6419159931457323,2.0410100438537615,20.0,68.75,10944777.0,1,10944777.0,0.0,0.0,0.0,0.0,0.0,0.0
159,подкасты мировая политика сша китай россия украина,9.34294697844204,News & Politics,US,1.3263737655562882,11.762994513126628,20.0,51.28205128205128,8841417.674999999,1,0.0,117885569.0,8841417.674999999,0.0,0.0,0.0,0.0
160,the broski report,9.213027780008398,Comedy,US,1.6280951143268645,2.023829778479678,20.0,67.5,10852649.0,1,10852649.0,0.0,0.0,0.0,0.0,0.0,0.0
161,all videos,9.17143653983808,Entertainment,US,1.0569264633564839,9.373391205476944,20.0,56.09756097560976,7045320.524999999,1,0.0,93937607.0,7045320.524999999,0.0,0.0,0.0,0.0
162,강펀치 매주 월 금_오전 10시 20분,9.13381023873925,News & Politics,KR,1.2929821057292996,11.466859350076023,20.0,50.0,8618833.65,1,0.0,114917782.0,8618833.65,0.0,0.0,0.0,0.0
163,relatos de la noche,9.130880351029449,Entertainment,Unknown,0.693225160895653,11.57215168955344,20.0,53.65853658536586,4620939.7,1,0.0,0.0,0.0,7109138.0,4620939.7,0.0,0.0
164,joel osteen,9.106122765253609,Society & Culture,US,0.6020960589652846,6.907134967964206,40.0,53.333333333333336,4013486.15,2,0.0,0.0,0.0,4243271.0,2758126.15,0.0,1255360.0
165,the meateater,9.083359697532497,Interview & Talk,US,1.4568739161285844,1.8109905183091075,20.0,67.74193548387096,9711313.0,1,9711313.0,0.0,0.0,0.0,0.0,0.0,0.0
166,the ryen russillo,9.048378180584335,Sports,US,1.5376042724257906,1.9113436842045237,20.0,66.66666666666666,10249450.0,1,10249450.0,0.0,0.0,0.0,0.0,0.0,0.0
167,so true,9.028083960672546,Entertainment,US,1.3340730495364848,1.6583409289545228,20.0,68.29268292682927,8892740.0,1,8892740.0,0.0,0.0,0.0,0.0,0.0,0.0
168,jabab chay bangla জবব চয় বল,9.011954780598135,Other,IN,1.242705632408026,11.020980597664584,20.0,50.0,8283697.875,1,0.0,110449305.0,8283697.875,0.0,0.0,0.0,0.0
169,äffchen mit käffchen,9.007434977835487,Comedy,Unknown,0.942033751116015,15.725565198050385,20.0,42.5,6279462.15,1,0.0,0.0,0.0,9660711.0,6279462.15,0.0,0.0
170,checkpod der mit checker tobi,8.993093062214092,Education,Unknown,0.5342731505327053,8.918732744252958,20.0,58.620689655172406,3561388.35,1,0.0,0.0,0.0,5479059.0,3561388.35,0.0,0.0
171,nadie dice nada,8.908133068638344,Comedy,AR,1.1998697216401184,10.641088747861335,20.0,50.0,7998159.824999999,1,0.0,106642131.0,7998159.824999999,0.0,0.0,0.0,0.0
172,the philip defranco every montueswedthursfriday,8.889788352940469,News & Politics,US,1.2451971463016267,11.043076680247696,20.0,48.717948717948715,8300305.949999999,1,0.0,110670746.0,8300305.949999999,0.0,0.0,0.0,0.0
173,la corneta extendida,8.875730433610126,Comedy,ES,0.9403528419363762,15.697505431757405,20.0,41.25,6268257.45,1,0.0,0.0,0.0,9643473.0,6268257.45,0.0,0.0
174,and thats why we drink,8.845167529713217,Comedy,US,1.4969371826040483,1.8607918051029282,20.0,65.0,9978369.0,1,9978369.0,0.0,0.0,0.0,0.0,0.0,0.0
175,the wild project 1vs1 cada jueves,8.813465945176429,Interview & Talk,ES,1.0942639662340907,9.704520222718127,20.0,51.61290322580645,7294206.975,1,0.0,97256093.0,7294206.975,0.0,0.0,0.0,0.0
176,전수미의 뉴스인사이다 이승원의 뉴인사 프라임 am650,8.758634599259048,News & Politics,KR,1.2439805697743649,11.032287426579838,20.0,47.43589743589743,8292196.425,1,0.0,110562619.0,8292196.425,0.0,0.0,0.0,0.0
177,王局拍案,8.628872134739215,News & Politics,JP,1.2433380267248133,11.026589009917357,20.0,46.15384615384615,8287913.324999999,1,0.0,110505511.0,8287913.324999999,0.0,0.0,0.0,0.0
178,office ladies,8.573138630915938,Comedy,US,1.4724228548544787,1.830318876302634,20.0,62.5,9814960.0,1,9814960.0,0.0,0.0,0.0,0.0,0.0,0.0
179,verbrechen von nebenan true crime aus der nachbarschaft,8.571866265726879,True Crime,DE,0.5234853176372056,8.73864920760379,20.0,54.83870967741935,3489478.2,1,0.0,0.0,0.0,5368428.0,3489478.2,0.0,0.0
180,the vanished,8.505667264932786,True Crime,US,0.3727299429176429,4.704060784375135,40.0,53.2258064516129,2484564.45,2,0.0,0.0,0.0,2889853.0,1878404.45,0.0,606160.0
181,the big picture,8.500832809303008,Entertainment,US,1.2901762173987106,1.6037742667984962,20.0,63.41463414634146,8600130.0,1,8600130.0,0.0,0.0,0.0,0.0,0.0,0.0
182,比特王新聞,8.4882689372714,News & Politics,SG,1.2382226941165764,10.98122349458068,20.0,44.871794871794876,8253815.25,1,0.0,110050870.0,8253815.25,0.0,0.0,0.0,0.0
183,die drei rabauken,8.470957091817628,Comedy,DE,0.8702103292420179,14.526601889051575,20.0,40.0,5800697.5,1,0.0,0.0,0.0,8924150.0,5800697.5,0.0,0.0
184,la cotorrisa anecdotarios,8.454092687582955,Comedy,MX,1.1672583665965666,10.351873746475931,20.0,46.25,7780777.199999999,1,0.0,103743696.0,7780777.199999999,0.0,0.0,0.0,0.0
185,the ramsey highlights,8.394581126495618,Business,US,1.4640493927320233,12.98397587532978,20.0,38.46153846153847,9759143.7,1,0.0,130121916.0,9759143.7,0.0,0.0,0.0,0.0
186,morning brew daily,8.392340779467926,Business,US,2.2342486936581847,2.7773187198736027,20.0,53.84615384615385,14893182.0,1,14893182.0,0.0,0.0,0.0,0.0,0.0,0.0
187,the viall files,8.3872698320878,Interview & Talk,US,1.4001992818742217,1.7405402040251994,20.0,61.29032258064516,9333528.0,1,9333528.0,0.0,0.0,0.0,0.0,0.0,0.0
188,sky news all stars,8.32987837825494,News & Politics,AU,1.2257684550531152,10.870772617480274,20.0,43.58974358974359,8170797.074999999,1,0.0,108943961.0,8170797.074999999,0.0,0.0,0.0,0.0
189,the steve harvey morning,8.297737426238285,Interview & Talk,US,0.880855997368797,9.432356752646056,20.0,48.38709677419355,5871660.0,1,0.0,0.0,0.0,0.0,0.0,0.0,5871660.0
190,critical role,8.24534790586806,Entertainment,US,1.2772869517426724,1.5877520581278375,20.0,60.97560975609756,8514212.0,1,8514212.0,0.0,0.0,0.0,0.0,0.0,0.0
191,the bald and the beautiful,8.237255462117552,Comedy,US,1.376849845623746,1.7115153123105873,20.0,60.0,9177884.0,1,9177884.0,0.0,0.0,0.0,0.0,0.0,0.0
192,muttersöhnchen,8.224057642281933,Entertainment,DE,0.52702314487624,8.797706893000907,20.0,51.21951219512195,3513060.85,1,0.0,0.0,0.0,5404709.0,3513060.85,0.0,0.0
193,chunk,8.147984961422019,News & Politics,IN,1.2036171468389674,10.674322926037293,20.0,42.30769230769231,8023139.625,1,0.0,106975195.0,8023139.625,0.0,0.0,0.0,0.0
194,jack cocchiarella,8.120461843501243,Comedy,US,1.0811791443238807,9.588476998453597,20.0,45.0,7206985.425,1,0.0,96093139.0,7206985.425,0.0,0.0,0.0,0.0
195,club random,8.018043473304003,Interview & Talk,US,1.3482907265543354,1.6760144407022866,20.0,58.06451612903226,8987513.0,1,8987513.0,0.0,0.0,0.0,0.0,0.0,0.0
196,redacted declassified mysteries,7.976658624851815,Education,US,0.3658933049728553,6.107932986545571,20.0,55.172413793103445,2438992.4,1,0.0,0.0,0.0,3752296.0,2438992.4,0.0,0.0
197,the charlie kirk,7.970673358647501,News & Politics,US,1.4796663347182575,1.8393230002749574,20.0,56.41025641025641,9863244.0,1,9863244.0,0.0,0.0,0.0,0.0,0.0,0.0
198,la cotorrisa episodios,7.823689840498936,Comedy,MX,1.0103075505682193,8.959949663147968,20.0,43.75,6734565.524999999,1,0.0,89794207.0,6734565.524999999,0.0,0.0,0.0,0.0
199,therapuss,7.817299571249139,Comedy,US,1.326821768725127,1.6493271078890308,20.0,56.25,8844404.0,1,8844404.0,0.0,0.0,0.0,0.0,0.0,0.0
200,the intersection,7.713363340848941,News & Politics,US,1.1829850206595005,10.491346156332098,20.0,38.46153846153847,7885608.824999999,1,0.0,105141451.0,7885608.824999999,0.0,0.0,0.0,0.0
201,the herd,7.699593165410543,Sports,US,0.40980927943584333,4.388307891108445,20.0,55.55555555555556,2731730.0,1,0.0,0.0,0.0,0.0,0.0,0.0,2731730.0
202,kottbruder germanletsplay paluten,7.625378441848035,Comedy,DE,0.6895526697990317,11.510846032393324,20.0,38.75,4596459.4,1,0.0,0.0,0.0,7071476.0,4596459.4,0.0,0.0
203,global news geopolitical developments,7.57409792876304,News & Politics,IN,1.1784216463475066,10.450875703442211,20.0,37.17948717948718,7855190.024999999,1,0.0,104735867.0,7855190.024999999,0.0,0.0,0.0,0.0
204,英語で雑談kevins english room plus,7.519672469305828,Education,JP,0.3377738143050023,5.63852848452064,20.0,51.724137931034484,2251551.9,1,0.0,0.0,0.0,3463926.0,2251551.9,0.0,0.0
205,are you garbage comedy,7.5046752926966445,Comedy,US,1.2571318535076768,1.5626979395832754,20.0,53.75,8379861.0,1,8379861.0,0.0,0.0,0.0,0.0,0.0,0.0
206,something was wrong,7.482431035154249,Society & Culture,US,0.42944079157095993,6.016472603165626,40.0,40.0,2862590.85,2,0.0,0.0,0.0,3696109.0,2402470.85,0.0,460120.0
207,big bulletin,7.423116007029799,News & Politics,IN,1.1690241448352299,10.367533615716548,20.0,35.8974358974359,7792547.625,1,0.0,103900635.0,7792547.625,0.0,0.0,0.0,0.0
208,danny jones,7.362391917679952,Comedy,US,1.237898467232814,1.5387895698931155,20.0,52.5,8251654.0,1,8251654.0,0.0,0.0,0.0,0.0,0.0,0.0
209,killer psyche,7.2788341535983125,True Crime,US,0.2801815635879859,4.677129073427385,20.0,51.61290322580645,1867650.2,1,0.0,0.0,0.0,2873308.0,1867650.2,0.0,0.0
210,intens investigasi,7.27492503551594,News & Politics,ID,1.1607781644479505,10.29440383543155,20.0,34.61538461538461,7737581.1,1,0.0,103167748.0,7737581.1,0.0,0.0,0.0,0.0
211,watch what crappens,7.238583916670037,Entertainment,US,0.3411023811252234,5.694092942254179,20.0,48.78048780487805,2273739.65,1,0.0,0.0,0.0,3498061.0,2273739.65,0.0,0.0
212,jesser,7.236693475582707,Comedy,US,1.2371212228211197,1.5378234037448966,20.0,51.24999999999999,8246473.0,1,8246473.0,0.0,0.0,0.0,0.0,0.0,0.0
213,hobbylos,7.198236394434876,Comedy,DE,0.613802055889951,10.24632529053204,20.0,37.5,4091516.6500000004,1,0.0,0.0,0.0,6294641.0,4091516.6500000004,0.0,0.0
214,india explained,7.125600040211245,News & Politics,IN,1.152064295976417,10.217124572466206,20.0,33.33333333333333,7679495.699999999,1,0.0,102393276.0,7679495.699999999,0.0,0.0,0.0,0.0
215,the dan patrick,7.119806073024404,Sports,US,0.4011292250717013,4.2953603836389895,20.0,50.0,2673870.0,1,0.0,0.0,0.0,0.0,0.0,0.0,2673870.0
216,英語聞き流し sakura english,7.112730030655332,Education,JP,0.32220088016439086,5.378566258259628,20.0,48.275862068965516,2147744.95,1,0.0,0.0,0.0,3304223.0,2147744.95,0.0,0.0
217,verbrechen,7.096152920047348,True Crime,DE,0.2748186071509412,4.587604126996178,20.0,50.0,1831901.5,1,0.0,0.0,0.0,2818310.0,1831901.5,0.0,0.0
218,kurt krömer feelings,7.0203102447018075,Comedy,DE,0.6005328390813367,10.024819496494695,20.0,36.25,4003065.95,1,0.0,0.0,0.0,6158563.0,4003065.95,0.0,0.0
219,betrayal weekly,6.991971751225792,Society & Culture,US,0.47474166675750984,5.0836150058337175,20.0,46.666666666666664,3164560.0,1,0.0,0.0,0.0,0.0,0.0,0.0,3164560.0
220,1 on trending for finance,6.9901457675951795,Business,GB,1.2019696542184302,10.659712077150614,20.0,30.76923076923077,8012157.675,1,0.0,106828769.0,8012157.675,0.0,0.0,0.0,0.0
221,stavvys world,6.9435967267646905,Comedy,US,1.189162047231451,1.4782069803212339,20.0,48.75,7926784.0,1,7926784.0,0.0,0.0,0.0,0.0,0.0,0.0
222,bulwark super feed,6.9055667730991,News & Politics,US,1.114176826294473,9.881118154397434,20.0,32.05128205128205,7426943.25,1,0.0,99025910.0,7426943.25,0.0,0.0,0.0,0.0
223,aktenzeichen xy unvergessene verbrechen,6.899581479516437,True Crime,DE,0.26597321020267467,4.439946077326713,20.0,48.38709677419355,1772939.35,1,0.0,0.0,0.0,2727599.0,1772939.35,0.0,0.0
224,la cotorrisa,6.8378047177956685,Comedy,Unknown,0.5861155178127462,9.784148156086918,20.0,35.0,3906962.15,1,0.0,0.0,0.0,6010711.0,3906962.15,0.0,0.0
225,the stories of mahabharata,6.819306189417286,Entertainment,IN,0.2971337052606087,4.960114697672378,20.0,46.34146341463415,1980650.75,1,0.0,0.0,0.0,3047155.0,1980650.75,0.0,0.0
226,the yard,6.805694758156521,Comedy,US,1.174804403211842,1.4603594803441151,20.0,47.5,7831078.0,1,7831078.0,0.0,0.0,0.0,0.0,0.0,0.0
227,history daily,6.738374523979404,Education,Unknown,0.31479787842352763,5.254986411572279,20.0,44.827586206896555,2098397.6,1,0.0,0.0,0.0,3228304.0,2098397.6,0.0,0.0
228,bedtime stories,6.716969088309588,True Crime,US,0.26062751336214907,4.350709248927403,20.0,46.774193548387096,1737305.7,1,0.0,0.0,0.0,2672778.0,1737305.7,0.0,0.0
229,kaulitz hills senf aus hollywood,6.680264458596772,Comedy,Unknown,0.5779572868343669,9.64796111077217,20.0,33.75,3852580.5500000003,1,0.0,0.0,0.0,5927047.0,3852580.5500000003,0.0,0.0
230,rolandmartinunfiltered,6.652253691441256,News & Politics,US,1.0625584024667898,9.423338264573827,20.0,30.76923076923077,7082862.225,1,0.0,94438163.0,7082862.225,0.0,0.0,0.0,0.0
231,大久保佳代子とらぶぶらlove,6.551204316053059,Comedy,JP,0.5769393606871196,9.630968658032154,20.0,32.5,3845795.2,1,0.0,0.0,0.0,5916608.0,3845795.2,0.0,0.0
232,cumicam indepth,6.521135279706041,News & Politics,ID,1.0613564077107724,9.412678329880448,20.0,29.48717948717949,7074849.899999999,1,0.0,94331332.0,7074849.899999999,0.0,0.0,0.0,0.0
233,run fool,6.514900761623842,True Crime,US,0.25040398151216336,4.180045706914358,20.0,45.16129032258064,1669157.1,1,0.0,0.0,0.0,2567934.0,1669157.1,0.0,0.0
234,백운기의 정치1번지,6.373317171178646,News & Politics,KR,1.0532642672603938,9.340912884732843,20.0,28.205128205128204,7020908.85,1,0.0,93612118.0,7020908.85,0.0,0.0,0.0,0.0
235,文昭談古論今,6.244270435609498,News & Politics,CA,1.0529170275812725,9.33783337686989,20.0,26.923076923076923,7018594.2,1,0.0,93581256.0,7018594.2,0.0,0.0,0.0,0.0
236,the bulwark,6.176529841760171,News & Politics,US,1.195136822986043,1.485634021275706,20.0,41.02564102564102,7966611.0,1,7966611.0,0.0,0.0,0.0,0.0,0.0,0.0
237,american history tellers,6.163753915688545,Education,US,0.2571860278257183,4.293259815595344,20.0,41.37931034482759,1714365.25,1,0.0,0.0,0.0,2637485.0,1714365.25,0.0,0.0
238,não inviabilize,6.1394008339778905,Entertainment,BR,0.2489718250484578,4.156138421408792,20.0,41.46341463414634,1659610.55,1,0.0,0.0,0.0,2553247.0,1659610.55,0.0,0.0
239,strawberry letter,6.134895941207574,Interview & Talk,US,0.22165042382433997,2.373470667318445,20.0,45.16129032258064,1477490.0,1,0.0,0.0,0.0,0.0,0.0,0.0,1477490.0
240,baywatch berlin,6.133127288494899,Comedy,DE,0.5034614553434084,8.404386712608417,20.0,31.25,3356002.0,1,0.0,0.0,0.0,5163080.0,3356002.0,0.0,0.0
241,wait wait dont tell me,6.098040851238306,Comedy,US,0.4096771433853087,5.4087535401892755,40.0,27.500000000000004,2730849.2,2,0.0,0.0,0.0,3322768.0,2159799.2,0.0,571050.0
242,pod meets world,6.094344685301422,Entertainment,US,0.25221813687718464,2.7007949694611377,20.0,43.90243902439025,1681250.0,1,0.0,0.0,0.0,0.0,0.0,0.0,1681250.0
243,timcast irl,6.047370540004706,News & Politics,US,1.194074994005929,1.4843140977093878,20.0,39.743589743589745,7959533.0,1,7959533.0,0.0,0.0,0.0,0.0,0.0,0.0
244,crime stories,6.017876544281284,True Crime,US,0.23750885014361856,2.543285410052564,20.0,43.54838709677419,1583200.0,1,0.0,0.0,0.0,0.0,0.0,0.0,1583200.0
245,the wronged hour,6.005879481745835,News & Politics,IN,1.007455340360923,8.934654732043356,20.0,25.64102564102564,6715553.1,1,0.0,89540708.0,6715553.1,0.0,0.0,0.0,0.0
246,2 pros and a cup of joe,5.967583473686118,Sports,US,0.18739526285807298,2.006660541919631,20.0,44.44444444444444,1249150.0,1,0.0,0.0,0.0,0.0,0.0,0.0,1249150.0
247,nadie sabe nada,5.946889106354349,Comedy,ES,0.48810831290084233,8.148093514844005,20.0,30.0,3253660.15,1,0.0,0.0,0.0,5005631.0,3253660.15,0.0,0.0
248,the young turks,5.812360991643372,News & Politics,US,0.98050763077904,8.695667978697799,20.0,24.358974358974358,6535923.524999999,1,0.0,87145647.0,6535923.524999999,0.0,0.0,0.0,0.0
249,on purpose,5.76021288510448,Interview & Talk,US,0.20298665674098498,2.1736158556303202,20.0,41.935483870967744,1353080.0,1,0.0,0.0,0.0,0.0,0.0,0.0,1353080.0
250,panda picante,5.690776722814638,Comedy,ES,0.4552368750150893,7.5993637702741506,20.0,28.749999999999996,3034543.85,1,0.0,0.0,0.0,4668529.0,3034543.85,0.0,0.0
251,dark downeast,5.682316828234647,True Crime,US,0.17508326732289942,1.8748215868899358,20.0,41.935483870967744,1167080.0,1,0.0,0.0,0.0,0.0,0.0,0.0,1167080.0
252,文昭思緒飛揚podcast,5.676626747205695,News & Politics,CA,0.9774011846897712,8.668118347325178,20.0,23.076923076923077,6515216.399999999,1,0.0,86869552.0,6515216.399999999,0.0,0.0,0.0,0.0
253,scamfluencers,5.610966729606806,Society & Culture,US,0.32031792644244944,5.347133720429405,20.0,33.33333333333333,2135193.45,1,0.0,0.0,0.0,3284913.0,2135193.45,0.0,0.0
254,聽重點新聞三立新聞台,5.485590292533566,News & Politics,TW,0.951477540750899,8.438213557791507,20.0,21.794871794871796,6342413.1,1,0.0,84565508.0,6342413.1,0.0,0.0,0.0,0.0
255,serialously,5.34202890529521,True Crime,US,0.11096397876814701,1.188221272898926,20.0,40.32258064516129,739670.0,1,0.0,0.0,0.0,0.0,0.0,0.0,739670.0
256,two ts in a pod,5.306423451678035,Interview & Talk,US,0.15598594757600537,1.670324219090737,20.0,38.70967741935484,1039780.0,1,0.0,0.0,0.0,0.0,0.0,0.0,1039780.0
257,so supernatural,5.269626797410475,Entertainment,US,0.13153147709728427,1.4084615645349838,20.0,39.02439024390244,876770.0,1,0.0,0.0,0.0,0.0,0.0,0.0,876770.0
258,stuff they dont want you to know,5.191202554401268,Education,US,0.14260432211313853,1.5270314837593268,20.0,37.93103448275862,950580.0,1,0.0,0.0,0.0,0.0,0.0,0.0,950580.0
259,edeltalk mit dominik kevin,5.176169699476931,Comedy,DE,0.388896739194547,6.49193409500238,20.0,26.25,2592330.0,1,0.0,0.0,0.0,3988200.0,2592330.0,0.0,0.0
260,mrballenõs medical mysteries,5.154852801665509,True Crime,US,0.1016913524244273,1.0889284032707371,20.0,38.70967741935484,677860.0,1,0.0,0.0,0.0,0.0,0.0,0.0,677860.0
261,la zanzara,5.086392427152436,News & Politics,IT,0.5102264370841338,8.517315958828487,20.0,20.51282051282051,3401096.4,1,0.0,0.0,0.0,5232456.0,3401096.4,0.0,0.0
262,the ben maller,5.074507654081616,Sports,US,0.06649107665528968,0.7119978268339422,20.0,38.88888888888889,443220.0,1,0.0,0.0,0.0,0.0,0.0,0.0,443220.0
263,shged married annoyed,5.030090329284225,Comedy,GB,0.38361188974513954,6.403713004749423,20.0,25.0,2557101.95,1,0.0,0.0,0.0,3934003.0,2557101.95,0.0,0.0
264,the best of coast to coast am,5.0119166541119,Entertainment,US,0.1265853762955946,1.355497870769551,20.0,36.58536585365854,843800.0,1,0.0,0.0,0.0,0.0,0.0,0.0,843800.0
265,dateline originals,4.992817022196539,True Crime,US,0.10142431998806066,1.0860689742473075,20.0,37.096774193548384,676080.0,1,0.0,0.0,0.0,0.0,0.0,0.0,676080.0
266,club shay shay,4.964109138776387,Interview & Talk,US,0.14891708892342373,1.5946296710098395,20.0,35.483870967741936,992660.0,1,0.0,0.0,0.0,0.0,0.0,0.0,992660.0
267,ダイアンのtokyo style,4.826699902084016,Comedy,JP,0.36395847494951195,6.075634466834164,20.0,23.75,2426095.1,1,0.0,0.0,0.0,3732454.0,2426095.1,0.0,0.0
268,bone valley,4.821483971423752,True Crime,Unknown,0.09782688300824512,1.0475470034709933,20.0,35.483870967741936,652100.0,1,0.0,0.0,0.0,0.0,0.0,0.0,652100.0
269,the way i heard it,4.751735614385734,Entertainment,US,0.12075416798010541,1.2930562942860093,20.0,34.146341463414636,804930.0,1,0.0,0.0,0.0,0.0,0.0,0.0,804930.0
270,lanz precht,4.719187682922138,News & Politics,DE,0.45030638360946923,7.517058052495301,20.0,19.230769230769234,3001677.9,1,0.0,0.0,0.0,4617966.0,3001677.9,0.0,0.0
271,stuff you missed in history class,4.648791201148037,Education,US,0.07182722483594185,0.7691382146785416,20.0,34.48275862068966,478790.0,1,0.0,0.0,0.0,0.0,0.0,0.0,478790.0
272,counterclock,4.638788985044089,True Crime,US,0.0901594516471787,0.9654428363993748,20.0,33.87096774193548,600990.0,1,0.0,0.0,0.0,0.0,0.0,0.0,600990.0
273,マユリカのうなげろりん,4.630129145289159,Comedy,JP,0.3460148328395665,5.7760975197172035,20.0,22.5,2306485.35,1,0.0,0.0,0.0,3548439.0,2306485.35,0.0,0.0
274,lo zoo di 105,4.50196200851998,Comedy,IT,0.34522079388784355,5.762842462464406,20.0,21.25,2301192.4,1,0.0,0.0,0.0,3540296.0,2301192.4,0.0,0.0
275,drink champs,4.497718133569227,Interview & Talk,US,0.09740233143806672,1.0430008326079006,20.0,32.25806451612903,649270.0,1,0.0,0.0,0.0,0.0,0.0,0.0,649270.0
276,true crime tonight,4.47306361277392,True Crime,US,0.08857075866901996,0.9484308401307691,20.0,32.25806451612903,590400.0,1,0.0,0.0,0.0,0.0,0.0,0.0,590400.0
277,post run high,4.467038145786359,Sports,US,0.04789481777213976,0.5128659045056729,20.0,33.33333333333333,319260.0,1,0.0,0.0,0.0,0.0,0.0,0.0,319260.0
278,lore,4.452941583028393,Entertainment,US,0.10109127953371577,1.0825027200720192,20.0,31.70731707317073,673860.0,1,0.0,0.0,0.0,0.0,0.0,0.0,673860.0
279,wsj whats news,4.381351393843991,News & Politics,US,0.3977493520193243,6.639712600798175,20.0,17.94871794871795,2651340.25,1,0.0,0.0,0.0,4078985.0,2651340.25,0.0,0.0
280,monster btk,4.3012908261962215,True Crime,US,0.08481580255539264,0.9082221275147915,20.0,30.64516129032258,565370.0,1,0.0,0.0,0.0,0.0,0.0,0.0,565370.0
281,dark history,4.295127019242465,Education,US,0.06866184033743859,0.7352427358053044,20.0,31.03448275862069,457690.0,1,0.0,0.0,0.0,0.0,0.0,0.0,457690.0
282,legend,4.2287418491192845,News & Politics,US,0.39163087380922923,6.537575572383096,20.0,16.666666666666664,2610555.35,1,0.0,0.0,0.0,4016239.0,2610555.35,0.0,0.0
283,help i sexted my boss,4.217656545895473,Comedy,US,0.30528101491237714,5.09611943101214,20.0,20.0,2034959.55,1,0.0,0.0,0.0,3130707.0,2034959.55,0.0,0.0
284,ok storytime,4.16831123254921,Entertainment,US,0.086502007378292,0.926278297303189,20.0,29.268292682926827,576610.0,1,0.0,0.0,0.0,0.0,0.0,0.0,576610.0
285,crook county,4.099934289848174,True Crime,US,0.07046355919179993,0.7545358496094551,20.0,29.03225806451613,469700.0,1,0.0,0.0,0.0,0.0,0.0,0.0,469700.0
286,dumb blonde,4.078579881569719,Interview & Talk,US,0.06281413001745485,0.6726244530337979,20.0,29.03225806451613,418710.0,1,0.0,0.0,0.0,0.0,0.0,0.0,418710.0
287,unashamed,4.003495917307898,Society & Culture,US,0.1206566561353648,1.2920121207662176,20.0,26.666666666666668,804280.0,1,0.0,0.0,0.0,0.0,0.0,0.0,804280.0
288,parenting hell,3.985676321017251,Comedy,GB,0.2784597969454008,4.648387265013701,20.0,18.75,1856173.1500000001,1,0.0,0.0,0.0,2855651.0,1856173.1500000001,0.0,0.0
289,ながら日経,3.97765780394288,News & Politics,JP,0.36082366416479045,6.023304418871138,20.0,15.384615384615385,2405198.9,1,0.0,0.0,0.0,3700306.0,2405198.9,0.0,0.0
290,american homicide,3.925925132605503,True Crime,US,0.06590750576907274,0.705748849923189,20.0,27.419354838709676,439330.0,1,0.0,0.0,0.0,0.0,0.0,0.0,439330.0
291,ridiculous history,3.918169403556786,Education,US,0.0571524422935917,0.6119981320538941,20.0,27.586206896551722,380970.0,1,0.0,0.0,0.0,0.0,0.0,0.0,380970.0
292,the odd couple,3.908890242961856,Sports,US,0.046966204973763685,0.502922159755657,20.0,27.77777777777778,313070.0,1,0.0,0.0,0.0,0.0,0.0,0.0,313070.0
293,disgraceland,3.8462028276115277,Entertainment,US,0.058487604475424816,0.6262952771710416,20.0,26.82926829268293,389870.0,1,0.0,0.0,0.0,0.0,0.0,0.0,389870.0
294,leyendas legendarias,3.8319546727479628,Comedy,MX,0.27125893725868483,4.528181817649089,20.0,17.5,1808173.25,1,0.0,0.0,0.0,2781805.0,1808173.25,0.0,0.0
295,the rest is politics,3.760300284347049,News & Politics,GB,0.33847209662518996,5.650185056421325,20.0,14.102564102564102,2256206.5500000003,1,0.0,0.0,0.0,3471087.0,2256206.5500000003,0.0,0.0
296,happy face,3.759525498767804,True Crime,US,0.0640772834524026,0.6861505161670992,20.0,25.806451612903224,427130.0,1,0.0,0.0,0.0,0.0,0.0,0.0,427130.0
297,not gonna lie,3.7558526578067912,Interview & Talk,US,0.0627616236395176,0.6720622057539102,20.0,25.806451612903224,418360.0,1,0.0,0.0,0.0,0.0,0.0,0.0,418360.0
298,空気階段の踊り場,3.677707566812562,Comedy,JP,0.26392633906972424,4.405777232086205,20.0,16.25,1759295.2,1,0.0,0.0,0.0,2706608.0,1759295.2,0.0,0.0
299,最新回のみ辛坊治郎 ズーム そこまで言うか,3.6014801489395163,News & Politics,JP,0.3307965492782766,5.522055549286773,20.0,12.82051282051282,2205042.45,1,0.0,0.0,0.0,3392373.0,2205042.45,0.0,0.0
300,up and vanished,3.5968824650920546,True Crime,US,0.06359272459315306,0.6809617769841345,20.0,24.193548387096776,423900.0,1,0.0,0.0,0.0,0.0,0.0,0.0,423900.0
301,three,3.557053668241886,Entertainment,US,0.042279635697306736,0.4527375739736698,20.0,24.390243902439025,281830.0,1,0.0,0.0,0.0,0.0,0.0,0.0,281830.0
302,gemischtes hack,3.538563771084795,Comedy,DE,0.2603803208357316,4.346582812707847,20.0,15.0,1735657.95,1,0.0,0.0,0.0,2670243.0,1735657.95,0.0,0.0
303,how to money,3.496854087084598,Business,US,0.06776023081914453,0.7255881467992307,20.0,23.076923076923077,451680.0,1,0.0,0.0,0.0,0.0,0.0,0.0,451680.0
304,bookmarked by reeses book club,3.4672817291655607,Education,US,0.019160327400418748,0.20517206453506404,20.0,24.137931034482758,127720.0,1,0.0,0.0,0.0,0.0,0.0,0.0,127720.0
305,murder on songbird road,3.425649925360388,True Crime,US,0.0600312919867802,0.6428253471997435,20.0,22.58064516129032,400160.0,1,0.0,0.0,0.0,0.0,0.0,0.0,400160.0
306,bobbycast,3.3840132265754486,Interview & Talk,US,0.04511648028814543,0.4831149912956089,20.0,22.58064516129032,300740.0,1,0.0,0.0,0.0,0.0,0.0,0.0,300740.0
307,nfl daily,3.3039586384549384,Sports,US,0.02927905652004171,0.31352514747344545,20.0,22.22222222222222,195170.0,1,0.0,0.0,0.0,0.0,0.0,0.0,195170.0
308,all the smoke,3.2881407318182143,Entertainment,US,0.03332054743898378,0.3568021238168108,20.0,21.951219512195124,222110.0,1,0.0,0.0,0.0,0.0,0.0,0.0,222110.0
309,apokalypse filterkaffee,3.2398166300009414,News & Politics,DE,0.2722657470556317,4.544988702843136,20.0,11.538461538461538,1814884.5,1,0.0,0.0,0.0,2792130.0,1814884.5,0.0,0.0
310,the greatest true crime stories ever told,3.2300727738768766,True Crime,US,0.04774930009614222,0.5113076763299839,20.0,20.967741935483872,318290.0,1,0.0,0.0,0.0,0.0,0.0,0.0,318290.0
311,bible in a year,3.187666677655595,Society & Culture,US,0.06722466576418451,0.719853224544375,20.0,20.0,448110.0,1,0.0,0.0,0.0,0.0,0.0,0.0,448110.0
312,i didnõt know maybe you didnõt either,3.116808772815625,Education,Unknown,0.017138081758720936,0.1835175121553846,20.0,20.689655172413794,114240.0,1,0.0,0.0,0.0,0.0,0.0,0.0,114240.0
313,dateline missing in america,3.063572628998055,True Crime,US,0.045883073406029394,0.49132380158197103,20.0,19.35483870967742,305850.0,1,0.0,0.0,0.0,0.0,0.0,0.0,305850.0
314,therapy gecko,3.0387840934812522,Interview & Talk,US,0.03700349480572572,0.39623975444894227,20.0,19.35483870967742,246660.0,1,0.0,0.0,0.0,0.0,0.0,0.0,246660.0
315,real time,3.037298842996334,Entertainment,US,0.030834745489211324,0.33018373116612176,20.0,19.51219512195122,205540.0,1,0.0,0.0,0.0,0.0,0.0,0.0,205540.0
316,conan oõbrien needs a friend,2.961758330312084,Comedy,US,0.21018453106506962,2.250691925598942,20.0,13.750000000000002,1401060.0,1,0.0,0.0,0.0,0.0,0.0,0.0,1401060.0
317,what happened to talina zar,2.901716931811097,True Crime,US,0.04568054880541426,0.4891551335024038,20.0,17.741935483870968,304500.0,1,0.0,0.0,0.0,0.0,0.0,0.0,304500.0
318,our american stories,2.790448080099021,Entertainment,US,0.029778617201559048,0.3188745287363781,20.0,17.073170731707318,198500.0,1,0.0,0.0,0.0,0.0,0.0,0.0,198500.0
319,math magic stories from the frontiers of marketing,2.765963088021527,Education,US,0.014982319898839809,0.16043324526399036,20.0,17.24137931034483,99870.0,1,0.0,0.0,0.0,0.0,0.0,0.0,99870.0
320,the idaho massacre,2.7391660332563754,True Crime,US,0.04522899395515385,0.48431980689536847,20.0,16.129032258064516,301490.0,1,0.0,0.0,0.0,0.0,0.0,0.0,301490.0
321,fox sports radio,2.7251892203601633,Sports,US,0.020963546437006857,0.22448124254721152,20.0,16.666666666666664,139740.0,1,0.0,0.0,0.0,0.0,0.0,0.0,139740.0
322,boysober,2.6851204088528706,Interview & Talk,US,0.025869142318573513,0.27701120269673074,20.0,16.129032258064516,172440.0,1,0.0,0.0,0.0,0.0,0.0,0.0,172440.0
323,murder true crime stories,2.5753001152469697,True Crime,US,0.044306381885684885,0.4744403189773397,20.0,14.516129032258066,295340.0,1,0.0,0.0,0.0,0.0,0.0,0.0,295340.0
324,fly on the wall,2.557304132311536,Comedy,US,0.1100803714365743,1.178759454388814,20.0,12.5,733780.0,1,0.0,0.0,0.0,0.0,0.0,0.0,733780.0
325,building abundant success,2.5496810834268224,Business,US,0.004018988185540388,0.04303601322341345,20.0,15.384615384615385,26790.0,1,0.0,0.0,0.0,0.0,0.0,0.0,26790.0
326,variety confidential,2.542885363993758,Entertainment,US,0.028467457935354382,0.30483441094717945,20.0,14.634146341463413,189760.0,1,0.0,0.0,0.0,0.0,0.0,0.0,189760.0
327,the victor davis hanson,2.4950443395226554,News & Politics,US,0.16814642470627428,1.8005406891127562,20.0,10.256410256410255,1120840.0,1,0.0,0.0,0.0,0.0,0.0,0.0,1120840.0
328,the happiness lab,2.406414822250251,Education,US,0.009709179371712352,0.1039675541552564,20.0,13.793103448275861,64720.0,1,0.0,0.0,0.0,0.0,0.0,0.0,64720.0
329,cold case files miami,2.3990127077388586,True Crime,US,0.03893422933159003,0.4169143901408172,20.0,12.903225806451612,259530.0,1,0.0,0.0,0.0,0.0,0.0,0.0,259530.0
330,sex,2.361279187717504,Interview & Talk,US,0.0254175874683131,0.27217587608969546,20.0,12.903225806451612,169430.0,1,0.0,0.0,0.0,0.0,0.0,0.0,169430.0
331,ruthies table 4,2.3552112366176345,Society & Culture,US,0.007836951952692418,0.08391942257525639,20.0,13.333333333333334,52240.0,1,0.0,0.0,0.0,0.0,0.0,0.0,52240.0
332,las culturistas,2.3391387731111974,Comedy,US,0.07670731761965327,0.8213950832921153,20.0,11.25,511320.0,1,0.0,0.0,0.0,0.0,0.0,0.0,511320.0
333,the telepathy tapes,2.296424081380794,Entertainment,US,0.027550846594792542,0.29501917986113774,20.0,12.195121951219512,183650.0,1,0.0,0.0,0.0,0.0,0.0,0.0,183650.0
334,law order criminal justice systemê season 1 season 2,2.208419228710997,True Crime,US,0.028437454290818807,0.30451312678724357,20.0,11.29032258064516,189560.0,1,0.0,0.0,0.0,0.0,0.0,0.0,189560.0
335,are you a charlotte,2.200770804641923,Comedy,US,0.07191873595177536,0.770118131366346,20.0,10.0,479400.0,1,0.0,0.0,0.0,0.0,0.0,0.0,479400.0
336,start here,2.1982654435151345,News & Politics,US,0.10776108971397429,1.153924188825769,20.0,8.974358974358974,718320.0,1,0.0,0.0,0.0,0.0,0.0,0.0,718320.0
337,the season,2.119767624527775,Sports,US,0.0031008766627517656,0.033204717929374995,20.0,11.11111111111111,20670.0,1,0.0,0.0,0.0,0.0,0.0,0.0,20670.0
338,health discovered,2.057960462642855,Education,US,0.008410021563321917,0.09005595003003204,20.0,10.344827586206897,56060.0,1,0.0,0.0,0.0,0.0,0.0,0.0,56060.0
339,the girlfriends jailhouse lawyer season 3,2.045830638515855,True Crime,US,0.02797239780051738,0.29953322230823715,20.0,9.67741935483871,186460.0,1,0.0,0.0,0.0,0.0,0.0,0.0,186460.0
340,wisecrack,2.027653535598712,Entertainment,US,0.018642764532180067,0.19962991277616984,20.0,9.75609756097561,124270.0,1,0.0,0.0,0.0,0.0,0.0,0.0,124270.0
341,i do part 2,2.006736031479302,Interview & Talk,US,0.013968196713537344,0.14957384065815701,20.0,9.67741935483871,93110.0,1,0.0,0.0,0.0,0.0,0.0,0.0,93110.0
342,run that prank,1.9976821016099395,Comedy,US,0.04394633815125797,0.4705849090581089,20.0,8.75,292940.0,1,0.0,0.0,0.0,0.0,0.0,0.0,292940.0
343,amy robach tj holmes present,1.927845568041954,News & Politics,US,0.05681790165702002,0.6084158136706088,20.0,7.6923076923076925,378740.0,1,0.0,0.0,0.0,0.0,0.0,0.0,378740.0
344,murder on the towpath,1.882069419507618,True Crime,US,0.027087290286717892,0.29005533959012814,20.0,8.064516129032258,180560.0,1,0.0,0.0,0.0,0.0,0.0,0.0,180560.0
345,dear chelsea,1.8597161773051545,Comedy,US,0.03930177397715083,0.42085012110003195,20.0,7.5,261980.0,1,0.0,0.0,0.0,0.0,0.0,0.0,261980.0
346,black wealth renaissance,1.7775187421633176,Business,US,0.0029688606267952323,0.031791067625657046,20.0,7.6923076923076925,19790.0,1,0.0,0.0,0.0,0.0,0.0,0.0,19790.0
347,the official yellowstone,1.774759546353917,Entertainment,US,0.015421873291285994,0.16514005820705127,20.0,7.317073170731707,102800.0,1,0.0,0.0,0.0,0.0,0.0,0.0,102800.0
348,it could happen here,1.7641558543605842,News & Politics,US,0.0441068576495233,0.4723037793137659,20.0,6.41025641025641,294010.0,1,0.0,0.0,0.0,0.0,0.0,0.0,294010.0
349,my friend daisy,1.7207325787090055,Comedy,US,0.03429266552193644,0.3672117305987339,20.0,6.25,228590.0,1,0.0,0.0,0.0,0.0,0.0,0.0,228590.0
350,devil in the desert,1.7187898159047594,True Crime,US,0.02637470372899797,0.2824248407916506,20.0,6.451612903225806,175810.0,1,0.0,0.0,0.0,0.0,0.0,0.0,175810.0
351,hoax,1.7073911832118438,Education,US,0.006353271730408189,0.06803192086642627,20.0,6.896551724137931,42350.0,1,0.0,0.0,0.0,0.0,0.0,0.0,42350.0
352,klove news,1.6717927297639072,Society & Culture,US,0.001836223045577243,0.01966259058807692,20.0,6.666666666666667,12240.0,1,0.0,0.0,0.0,0.0,0.0,0.0,12240.0
353,40s and free agents,1.666540826361317,Interview & Talk,US,0.00765843026770574,0.08200778182363781,20.0,6.451612903225806,51050.0,1,0.0,0.0,0.0,0.0,0.0,0.0,51050.0
354,the stephen a smith,1.575275560997922,News & Politics,US,0.022372217547952145,0.23956553385620188,20.0,5.128205128205128,149130.0,1,0.0,0.0,0.0,0.0,0.0,0.0,149130.0
355,espn sportscenter update,1.563856092368244,Sports,US,0.002973361173475569,0.03183926024964743,20.0,5.555555555555555,19820.0,1,0.0,0.0,0.0,0.0,0.0,0.0,19820.0
356,intentionally disturbing,1.557147704680186,True Crime,US,0.026248688421948548,0.2810754473199198,20.0,4.838709677419355,174970.0,1,0.0,0.0,0.0,0.0,0.0,0.0,174970.0
357,the nikki glaser,1.5513695179336218,Comedy,US,0.01840123519366868,0.19704357528868588,20.0,5.0,122660.0,1,0.0,0.0,0.0,0.0,0.0,0.0,122660.0
358,pop culture happy hour,1.5154831059978515,Entertainment,US,0.009914704336781046,0.1061683506508173,20.0,4.878048780487805,66090.0,1,0.0,0.0,0.0,0.0,0.0,0.0,66090.0
359,snafu,1.4444445818434721,News & Politics,Unknown,0.021431603291761844,0.22949327544221151,20.0,3.8461538461538463,142860.0,1,0.0,0.0,0.0,0.0,0.0,0.0,142860.0
360,fudd around and find out,1.409584174066187,Comedy,Unknown,0.012388504828739277,0.13265822963753204,20.0,3.75,82580.0,1,0.0,0.0,0.0,0.0,0.0,0.0,82580.0
361,scamanda,1.3823972785092375,True Crime,Unknown,0.021427102745081507,0.22944508281822112,20.0,3.225806451612903,142830.0,1,0.0,0.0,0.0,0.0,0.0,0.0,142830.0
362,travel,1.362224372241159,Education,Unknown,0.006231756970039108,0.06673072001868588,20.0,3.4482758620689653,41540.0,1,0.0,0.0,0.0,0.0,0.0,0.0,41540.0
363,situationships,1.3391398391861997,Interview & Talk,Unknown,0.005931720524683349,0.06351787841932692,20.0,3.225806451612903,39540.0,1,0.0,0.0,0.0,0.0,0.0,0.0,39540.0
364,this is gavin newsom,1.310083152369599,News & Politics,Unknown,0.019226335418397016,0.20587888968692306,20.0,2.564102564102564,128160.0,1,0.0,0.0,0.0,0.0,0.0,0.0,128160.0
365,emergency intercom,1.2638998393952137,Comedy,Unknown,0.0049791048106788156,0.05331710634136217,20.0,2.5,33190.0,1,0.0,0.0,0.0,0.0,0.0,0.0,33190.0
366,totally 80s,1.2519935778347406,Entertainment,Unknown,0.002898352062136629,0.03103604984980769,20.0,2.4390243902439024,19320.0,1,0.0,0.0,0.0,0.0,0.0,0.0,19320.0
367,murder in the moonlight,1.2086770905097934,True Crime,Unknown,0.01697456189600205,0.18176651348373393,20.0,1.6129032258064515,113150.0,1,0.0,0.0,0.0,0.0,0.0,0.0,113150.0
368,united states of kennedy,1.1658842047458746,News & Politics,Unknown,0.013497139494328804,0.14452967934716343,20.0,1.282051282051282,89970.0,1,0.0,0.0,0.0,0.0,0.0,0.0,89970.0
369,what are we even doing,1.1317007360748244,Comedy,Unknown,0.0024002915628460694,0.02570273279487179,20.0,1.25,16000.0,1,0.0,0.0,0.0,0.0,0.0,0.0,16000.0
