rank,show_name,composite_score,genre,country,consumption_score,platform_reach_score,platform_count_score,genre_rank_score,total_consumption,platforms_present,spotify_plays,youtube_views,amazon_plays,apple_plays
1,the meidastouch,95.0,Other,US,100.0,100.0,75.0,100.0,1040103096.0,3,19009837.0,1002173119.0,0.0,18920140.0
2,the joe rogan experience,93.72992289854253,Other,US,97.58805092529019,100.0,75.0,99.35897435897436,1015016339.0,3,536243172.0,395225451.0,0.0,83547716.0
3,the daily,53.502205631354066,News & Politics,Unknown,17.004411262708135,100.0,75.0,100.0,176863408.0,3,67265364.0,0.0,12565208.0,97032836.0
4,48 hours,50.70292639289033,True Crime,US,29.37866670863174,31.919817044724187,100.0,96.29629629629629,305568422.0,4,15750645.0,243134227.0,19609351.0,27074199.0
5,rotten mango,45.345188500248646,True Crime,US,29.827036492159426,27.158351270844655,75.0,100.0,310231930.0,3,34905608.0,272173696.0,3152626.0,0.0
6,crime junkie,45.278665943663555,True Crime,Unknown,16.32200467942843,64.2920217234504,75.0,92.5925925925926,169765676.0,3,82113099.0,0.0,25268205.0,62384372.0
7,shawn ryan,44.79096199898254,Society & Culture,US,18.95803663678355,26.55971840295382,100.0,100.0,197183126.0,4,51797592.0,116621019.0,2992867.0,25771648.0
8,dateline nbc,43.205729975626696,True Crime,Unknown,12.604532618370362,65.07287388776311,75.0,88.88888888888889,131100134.0,3,39775810.0,0.0,28182269.0,63142055.0
9,morbid,42.88985072798228,True Crime,Unknown,12.44348877507812,65.74793910962347,75.0,85.18518518518519,129425112.0,3,50270144.0,0.0,40391034.0,38763934.0
10,mrballen strange dark mysterious stories,42.19970072723124,True Crime,Unknown,8.84384589890693,100.0,50.0,77.77777777777779,91985115.0,2,30551959.0,0.0,61433156.0,0.0
11,pardon my take,41.875815016980916,Sports,US,11.418896401400579,55.83183408140312,75.0,100.0,118768295.0,3,56647993.0,0.0,7945090.0,54175212.0
12,conan obrien needs a friend,41.05886281951149,Comedy,US,13.873010623169993,20.61178753963246,100.0,100.0,144293613.0,4,19653685.0,99500107.0,5139619.0,20000202.0
13,good mythical morning,40.82139180121527,Other,US,36.67427050904577,38.06230837448754,25.0,98.71794871794873,381450223.0,1,0.0,381450223.0,0.0,0.0
14,김어준의 겸손은힘들다 뉴스공장,40.52823739128954,Other,KR,36.350554137760206,37.72634007358563,25.0,98.07692307692307,378083239.0,1,0.0,378083239.0,0.0,0.0
15,this past weekend,39.25477546623696,Other,US,21.44222489652122,20.87344329500995,75.0,93.58974358974359,223021245.0,3,66189292.0,136577859.0,0.0,20254094.0
16,the tucker carlson,37.94886192706619,Other,US,19.550319654081676,21.63774126935752,75.0,88.46153846153845,203343480.0,3,59652952.0,122694814.0,0.0,20995714.0
17,the megyn kelly,36.75201757313796,News & Politics,US,7.379634893424066,43.64433396546299,75.0,93.33333333333333,76755811.0,3,29268578.0,0.0,5137898.0,42349335.0
18,morbid,35.700634391139886,True Crime,Unknown,9.125254444968983,39.94929510253622,75.0,81.48148148148148,94912054.0,3,50270144.0,0.0,5877976.0,38763934.0
19,the diary of a ceo,34.9652738232483,Other,GB,28.579076357253726,29.66072950515848,25.0,97.43589743589743,297251858.0,1,0.0,297251858.0,0.0,0.0
20,víctor y alba en vivo,34.88521027652186,Other,CA,28.556518881855155,29.637318280535517,25.0,96.7948717948718,297017237.0,1,0.0,297017237.0,0.0,0.0
21,the mel robbins,34.5423658694771,Education,US,6.790954403620004,30.73444333833549,75.0,100.0,70632927.0,3,35481882.0,0.0,5328543.0,29822502.0
22,the ben shapiro,34.40682088826905,News & Politics,US,6.901630355304701,36.44669521975015,75.0,86.66666666666667,71784071.0,3,33786483.0,0.0,2632326.0,35365262.0
23,smartless,33.96919561121993,Comedy,US,6.724995365267136,31.063792673234865,75.0,93.93939393939394,69946885.0,3,26427676.0,0.0,13377130.0,30142079.0
24,the why files operation,33.87724271535427,Other,US,20.92698635712935,20.914901530101808,50.0,92.3076923076923,217662233.0,2,8058712.0,209603521.0,0.0,0.0
25,pod save america,33.83801112837506,News & Politics,US,6.050693940055343,39.063320791736935,75.0,80.0,62933455.0,3,21702593.0,0.0,3326614.0,37904248.0
26,armchair expert,33.6650831288285,Comedy,US,9.11199008679809,22.060591942298792,75.0,96.96969696969697,94774091.0,3,68659308.0,0.0,4708765.0,21406018.0
27,rita panahi,33.43336938712177,Other,AU,26.595244073766317,27.60181367426998,25.0,96.15384615384616,276617957.0,1,0.0,276617957.0,0.0,0.0
28,close the door,32.80199018982155,Other,ID,25.79351845328994,26.769744559472663,25.0,95.51282051282051,268279184.0,1,0.0,268279184.0,0.0,0.0
29,my favorite murder,31.29308490644519,True Crime,US,6.013298993199036,29.395140012191334,75.0,74.07407407407408,62544509.0,3,26173298.0,0.0,7848273.0,28522938.0
30,the ramsey,30.768226120669308,Business,US,3.8838085527629276,19.131609221439223,75.0,100.0,40395613.0,3,17393766.0,0.0,4437904.0,18563943.0
31,smosh reads reddit stories,30.17598292290562,Other,US,17.64467192779128,14.781055307870417,50.0,83.97435897435898,183522779.0,2,35391016.0,148131763.0,0.0,0.0
32,breaking points,30.086432203344646,Other,US,17.13429781003171,16.250262645490096,50.0,82.6923076923077,178214362.0,2,15358598.0,162855764.0,0.0,0.0
33,2020,29.87664049838551,True Crime,Unknown,5.29871271530183,25.95123551848777,75.0,70.37037037037037,55112075.0,3,15097370.0,0.0,15942663.0,24072042.0
34,figuring out,29.868589954444005,Other,IN,21.738372654550776,22.561120699945654,25.0,94.87179487179486,226101487.0,1,0.0,226101487.0,0.0,0.0
35,stuff you should know,29.798862727227714,Society & Culture,US,4.3282361309306205,21.507056642145344,75.0,83.33333333333334,45018118.0,3,20202353.0,0.0,3946858.0,20868907.0
36,podhub,29.63386254659139,Other,ID,21.497230501465598,22.310851863908354,25.0,94.23076923076923,223593360.0,1,0.0,223593360.0,0.0,0.0
37,kill tony,29.38325967549988,Other,US,16.61213380332059,15.001348484582532,50.0,80.76923076923077,172783318.0,2,22443836.0,150339482.0,0.0,0.0
38,lawcrime sidebar,29.270362094348144,Other,US,21.164690293355303,21.965725763993476,25.0,92.94871794871796,220134599.0,1,0.0,220134599.0,0.0,0.0
39,up first from npr,28.692676752873982,News & Politics,US,4.858260704571539,44.651065336274414,50.0,73.33333333333333,50530920.0,2,0.0,0.0,7204725.0,43326195.0
40,hoy en negocios televisión,28.6258433522909,Other,ES,20.434990129093894,21.208408105386432,25.0,91.66666666666666,212544965.0,1,0.0,212544965.0,0.0,0.0
41,banglavision world news banglavision,28.524360805129316,Other,BD,20.382161423736402,21.153579953485064,25.0,91.02564102564102,211995492.0,1,0.0,211995492.0,0.0,0.0
42,권순표의 뉴스 하이킥 2025,28.429618890576442,Other,KR,20.33885917785981,21.108638815924976,25.0,90.38461538461539,211545104.0,1,0.0,211545104.0,0.0,0.0
43,political analysis,28.330957905488617,Other,IN,20.290018154123445,21.057949270339588,25.0,89.74358974358975,211037107.0,1,0.0,211037107.0,0.0,0.0
44,the luke beasley,28.06276611564366,Other,US,20.00158117018046,20.758595601485098,25.0,89.1025641025641,208037065.0,1,0.0,208037065.0,0.0,0.0
45,financial audit,27.772437273588388,Other,US,14.854883481665937,13.90446484326427,50.0,75.64102564102564,154506103.0,2,15159294.0,139346809.0,0.0,0.0
46,ihip news,27.509169891631657,Other,US,19.400380767638826,20.134641128804812,25.0,87.82051282051282,201783961.0,1,0.0,201783961.0,0.0,0.0
47,dr insanity podcasts,27.430909107827258,Other,US,19.38037111659554,20.11387415790385,25.0,87.17948717948718,201575840.0,1,0.0,201575840.0,0.0,0.0
48,brian tyler cohen,27.338463709150695,Other,US,19.340314510514638,20.072301500236108,25.0,86.53846153846155,201159210.0,1,0.0,201159210.0,0.0,0.0
49,the devory darkins,26.851741678183515,Other,US,18.743031219666708,19.452412393032866,25.0,85.8974358974359,194946848.0,1,0.0,194946848.0,0.0,0.0
50,curhat bang denny sumargo,26.26364634244004,Other,ID,18.002478188950608,18.683831111618552,25.0,85.25641025641025,187244333.0,1,0.0,187244333.0,0.0,0.0
51,small town murder,26.09764697946626,Comedy,US,3.160224993696202,30.163429988848367,50.0,84.84848484848484,32869598.0,2,14339251.0,0.0,18530347.0,0.0
52,ceo dan cinderella,25.95102352156082,Other,ID,17.65124733365855,18.319306965965428,25.0,84.61538461538461,183591170.0,1,0.0,183591170.0,0.0,0.0
53,las alucines,25.46812574084668,Other,MX,17.149964237775905,17.799051443126963,25.0,83.33333333333334,178377309.0,1,0.0,178377309.0,0.0,0.0
54,npr news now,25.329311512112078,News & Politics,Unknown,3.5157461929139378,59.523858744942224,25.0,66.66666666666666,36567385.0,1,0.0,0.0,36567385.0,0.0
55,teenmaar varthalu by v6,25.301241415760447,Other,IN,17.09529936828493,17.742317632448888,25.0,82.05128205128204,177808738.0,1,0.0,177808738.0,0.0,0.0
56,full surahs,24.988829756243874,Other,US,16.744366944947544,17.378103213722298,25.0,81.41025641025641,174158679.0,1,0.0,174158679.0,0.0,0.0
57,the bill simmons,24.357718848374727,Other,Unknown,6.571966688963688,36.12790828869518,50.0,38.46153846153847,68355229.0,2,33299295.0,0.0,0.0,35055934.0
58,a closer look late night,24.33428459104454,Other,US,16.00049655077654,16.60607901417879,25.0,80.12820512820514,166421660.0,1,0.0,166421660.0,0.0,0.0
59,distractible,24.247639811169684,Comedy,Unknown,5.943576577912619,10.924712156521407,50.0,90.9090909090909,61819324.0,2,58583023.0,0.0,3236301.0,0.0
60,유선배 복지 콘텐츠 핑계고,24.194373124918464,Other,KR,15.893356690864039,16.494884153842488,25.0,79.48717948717949,165307295.0,1,0.0,165307295.0,0.0,0.0
61,언알바,23.907137967996885,Other,KR,15.578005932596511,16.16759808541622,25.0,78.84615384615384,162027322.0,1,0.0,162027322.0,0.0,0.0
62,подкасти 24 каналу,23.678067766251225,Other,UA,15.34485904462686,15.92562711712486,25.0,78.2051282051282,159602354.0,1,0.0,159602354.0,0.0,0.0
63,politik wirtschaft,23.573322966517424,Other,DE,15.287419834773763,15.866013963601432,25.0,77.56410256410257,159004927.0,1,0.0,159004927.0,0.0,0.0
64,farron balanced,23.446641467260307,Other,US,15.19897773672236,15.774224532957165,25.0,76.92307692307693,158085038.0,1,0.0,158085038.0,0.0,0.0
65,malam mencekam,23.178603558537226,Other,ID,14.910758231220573,15.475096573609054,25.0,76.28205128205127,155087258.0,1,0.0,155087258.0,0.0,0.0
66,the rest is history,23.170809209839057,Education,Unknown,2.1345903194965588,18.209877942761562,50.0,84.61538461538461,22201940.0,2,0.0,0.0,4532379.0,17669561.0
67,dan wootton outspoken,22.91154425580193,Other,GB,14.714517203975324,15.271428269071343,25.0,75.0,153046149.0,1,0.0,153046149.0,0.0,0.0
68,подкасти на 24 каналі,22.760734169423447,Other,UA,14.591974447886846,15.144247547912926,25.0,74.35897435897436,151771578.0,1,0.0,151771578.0,0.0,0.0
69,sport shorts,22.59125555459854,Other,AU,14.443047672651096,14.98968423239059,25.0,73.71794871794873,150222586.0,1,0.0,150222586.0,0.0,0.0
70,bulwark takes,22.087917151649332,Other,US,13.822280652071054,14.345422589607496,25.0,73.07692307692307,143765969.0,1,0.0,143765969.0,0.0,0.0
71,legal af,21.947583022654026,Other,US,13.714543447527628,14.233607776502335,25.0,72.43589743589743,142645391.0,1,0.0,142645391.0,0.0,0.0
72,bad friends,21.931290405957697,Comedy,Unknown,3.650175174557888,6.591620153999835,50.0,87.87878787878788,37965585.0,2,35347113.0,0.0,2618472.0,0.0
73,کلیپ کوتاه استند آپ کمدیهای مکس امینی,21.778360944394365,Other,US,13.565979232504851,14.079420743273799,25.0,71.7948717948718,141100170.0,1,0.0,141100170.0,0.0,0.0
74,the adam mockler,21.5952703810474,Other,US,13.397814845077626,13.904891715619843,25.0,71.15384615384616,139351087.0,1,0.0,139351087.0,0.0,0.0
75,nbc nightly news,21.206229460334598,Other,US,12.938583157529607,13.428279151438705,25.0,70.51282051282051,134574604.0,1,0.0,134574604.0,0.0,0.0
76,свежие интервью,21.135797565684708,Other,TR,12.929637986578976,13.418995426078675,25.0,69.87179487179486,134481565.0,1,0.0,134481565.0,0.0,0.0
77,安住紳一郎の日曜天国,20.78389558453421,Entertainment,Unknown,1.4883435170545825,25.1986191300346,25.0,100.0,15480307.0,1,0.0,0.0,15480307.0,0.0
78,the ramsey highlights,20.77511335741897,Other,US,12.51048251855218,12.98397587532978,25.0,69.23076923076923,130121916.0,1,0.0,130121916.0,0.0,0.0
79,last on the left,20.753539339301447,True Crime,Unknown,4.718311212487728,8.638585331954586,50.0,66.66666666666666,49075301.0,2,46323824.0,0.0,2751477.0,0.0
80,hablando huevadas,20.540445882929916,Other,PE,12.269425068608776,12.733794948255841,25.0,68.58974358974359,127614670.0,1,0.0,127614670.0,0.0,0.0
81,the dan le batard,20.51576215781118,Other,Unknown,4.076488298425371,24.11835927376172,50.0,36.53846153846153,42399681.0,2,18996953.0,0.0,0.0,23402728.0
82,murder mystery makeup,20.502662880707668,Other,US,8.91502528514731,8.430879395798282,50.0,43.58974358974359,92725454.0,2,8233447.0,84492007.0,0.0,0.0
83,the toast,20.435605604438866,Other,Unknown,4.661578663352041,21.934337774070624,50.0,37.17948717948718,48485224.0,2,27201714.0,0.0,0.0,21283510.0
84,микола давидюк,20.391133586410092,Other,UA,12.148999121910123,12.608811152916186,25.0,67.94871794871796,126362116.0,1,0.0,126362116.0,0.0,0.0
85,,20.04279687555577,Other,Unknown,11.747294231686432,12.191902644716617,25.0,67.3076923076923,122183971.0,1,0.0,122183971.0,0.0,0.0
86,timcast news stories,19.97552416986199,Other,US,11.742813906593737,12.187252749492277,25.0,66.66666666666666,122137371.0,1,0.0,122137371.0,0.0,0.0
87,the ezra klein,19.96396182997685,Other,Unknown,3.3604436074094717,23.790495003155428,50.0,35.256410256410255,34952078.0,2,11867486.0,0.0,0.0,23084592.0
88,rof daily updates,19.723377922426273,Other,US,11.477053905433236,11.911434335727778,25.0,66.02564102564102,119373193.0,1,0.0,119373193.0,0.0,0.0
89,подкасты мировая политика сша китай россия украина,19.558074098356087,Other,US,11.334027314538444,11.762994513126628,25.0,65.38461538461539,117885569.0,1,0.0,117885569.0,0.0,0.0
90,caso cerrado pleitos familiares con escándalo,19.400409159031305,Other,US,11.201796672663686,11.625759241702431,25.0,64.74358974358975,116510234.0,1,0.0,116510234.0,0.0,0.0
91,강펀치 매주 월 금_오전 10시 20분,19.227974013014247,Other,KR,11.048691465485264,11.466859350076023,25.0,64.1025641025641,114917782.0,1,0.0,114917782.0,0.0,0.0
92,monólogos,19.12180577888872,Other,MX,10.989240531978957,11.40515833372697,25.0,63.46153846153846,114299431.0,1,0.0,114299431.0,0.0,0.0
93,beto ribeiro crime comportamento e mistério,18.859777805546205,Other,BR,10.709514799867494,11.11484561780588,25.0,62.82051282051282,111389995.0,1,0.0,111389995.0,0.0,0.0
94,the philip defranco every montueswedthursfriday,18.74674560261659,Other,US,10.64036309723666,11.043076680247697,25.0,62.17948717948718,110670746.0,1,0.0,110670746.0,0.0,0.0
95,전수미의 뉴스인사이다 이승원의 뉴인사 프라임 am650,18.67528728959056,Other,KR,10.629967300856876,11.032287426579838,25.0,61.53846153846154,110562619.0,1,0.0,110562619.0,0.0,0.0
96,王局拍案,18.607299737376596,Other,JP,10.624476691299071,11.026589009917357,25.0,60.89743589743589,110505511.0,1,0.0,110505511.0,0.0,0.0
97,die nervigen,18.593465654644287,Comedy,DE,1.4705320134918627,24.89705884555239,25.0,78.78787878787878,15295049.0,1,0.0,0.0,15295049.0,0.0
98,the joe budden,18.556353619313114,Other,Unknown,2.7828873033178625,18.51685753057862,50.0,34.61538461538461,28944897.0,2,10977465.0,0.0,0.0,17967432.0
99,jabab chay bangla জবব চয় বল,18.539373547130772,Other,IN,10.61907280391366,11.020980597664584,25.0,60.256410256410255,110449305.0,1,0.0,110449305.0,0.0,0.0
100,比特王新聞,18.448165932279366,Other,SG,10.580765543649532,10.98122349458068,25.0,59.61538461538461,110050870.0,1,0.0,110050870.0,0.0,0.0
101,sky news all stars,18.308761688807884,Other,AU,10.47434253575186,10.870772617480274,25.0,58.97435897435898,108943961.0,1,0.0,108943961.0,0.0,0.0
102,call her daddy,18.21911765696173,Interview & Talk,US,3.625450221715329,7.031962730520325,25.0,100.0,37708420.0,1,37708420.0,0.0,0.0,0.0
103,chunk,18.11072635689475,Other,IN,10.285056876707923,10.674322926037293,25.0,58.333333333333336,106975195.0,1,0.0,106975195.0,0.0,0.0
104,1 on trending for finance,18.03666260925924,Other,GB,10.270978849196695,10.659712077150614,25.0,57.692307692307686,106828769.0,1,0.0,106828769.0,0.0,0.0
105,sword and scale,17.985341263261226,Society & Culture,Unknown,1.000281418256638,4.092669437331202,50.0,66.66666666666666,10403958.0,2,7889702.0,0.0,2514256.0,0.0
106,nadie dice nada,17.959863287939907,Other,AR,10.25303466647887,10.641088747861337,25.0,57.05128205128205,106642131.0,1,0.0,106642131.0,0.0,0.0
107,redhanded,17.94448863600707,True Crime,GB,1.7107490659752829,28.964089033615657,25.0,62.96296296296296,17793554.0,1,0.0,0.0,17793554.0,0.0
108,vince,17.852447354315046,News & Politics,Unknown,1.4164555472104854,5.721097903549022,50.0,60.0,14732598.0,2,11217947.0,0.0,3514651.0,0.0
109,la corneta,17.844539846001076,Comedy,ES,1.3557917531667458,22.954431968300636,25.0,75.75757575757575,14101632.0,1,0.0,0.0,14101632.0,0.0
110,penitencia con saskia niño de rivera,17.79470388898985,Other,MX,10.110212189965445,10.492860764907425,25.0,56.41025641025641,105156630.0,1,0.0,105156630.0,0.0,0.0
111,the intersection,17.729568715891297,Other,US,10.108752815403598,10.491346156332098,25.0,55.769230769230774,105141451.0,1,0.0,105141451.0,0.0,0.0
112,global news geopolitical developments,17.63787476322367,Other,IN,10.069758219429433,10.450875703442211,25.0,55.12820512820513,104735867.0,1,0.0,104735867.0,0.0,0.0
113,big bulletin,17.51695237720019,Other,IN,9.989455410677866,10.367533615716548,25.0,54.48717948717948,103900635.0,1,0.0,103900635.0,0.0,0.0
114,la cotorrisa anecdotarios,17.442173442900547,Other,MX,9.974366617979955,10.351873746475931,25.0,53.84615384615385,103743696.0,1,0.0,103743696.0,0.0,0.0
115,the deck,17.411013924341034,True Crime,Unknown,1.2532393231141772,6.144193536141949,50.0,55.55555555555556,13034981.0,2,9260409.0,0.0,3774572.0,0.0
116,dick doof,17.408420560266194,Comedy,DE,1.321544571193162,22.374605009711694,25.0,72.72727272727273,13745426.0,1,0.0,0.0,13745426.0,0.0
117,intens investigasi,17.33888983353666,Other,ID,9.918992491875056,10.29440383543155,25.0,53.205128205128204,103167748.0,1,0.0,103167748.0,0.0,0.0
118,india explained,17.222100876763875,Other,IN,9.844531411720748,10.217124572466208,25.0,52.56410256410257,102393276.0,1,0.0,102393276.0,0.0,0.0
119,memoria del balón,17.090773759499832,Other,CO,9.749523714522237,10.118521049655095,25.0,51.92307692307693,101405098.0,1,0.0,101405098.0,0.0,0.0
120,direito estatal,17.018570667286234,Other,US,9.738075330178615,10.106639369958994,25.0,51.28205128205128,101286023.0,1,0.0,101286023.0,0.0,0.0
121,과학을 보다,16.82783700140891,Other,KR,9.559109032783804,9.920899604572211,25.0,50.641025641025635,99424589.0,1,0.0,99424589.0,0.0,0.0
122,bulwark super feed,16.736612787532856,Other,US,9.520778313306742,9.881118154397434,25.0,50.0,99025910.0,1,0.0,99025910.0,0.0,0.0
123,the wild project 1vs1 cada jueves,16.552111715264168,Other,ES,9.350620469646213,9.704520222718127,25.0,49.358974358974365,97256093.0,1,0.0,97256093.0,0.0,0.0
124,уроки истории,16.45031426283594,Other,RU,9.297346712253225,9.649230174572264,25.0,48.717948717948715,96701991.0,1,0.0,96701991.0,0.0,0.0
125,jack cocchiarella,16.344792234181973,Other,US,9.238809053597894,9.588476998453597,25.0,48.07692307692308,96093139.0,1,0.0,96093139.0,0.0,0.0
126,mrballens medical mysteries,16.337535825427388,True Crime,Unknown,1.3925449367184655,23.57668715571116,25.0,59.25925925925925,14483903.0,1,0.0,0.0,14483903.0,0.0
127,huberman lab,16.308793074137903,Education,US,2.340322040537412,4.539314115499824,25.0,92.3076923076923,24341762.0,1,24341762.0,0.0,0.0,0.0
128,bhoot dot com,16.215997352549905,Other,BD,9.147380136247572,9.493587704181875,25.0,47.43589743589743,95142184.0,1,0.0,95142184.0,0.0,0.0
129,wow in the world,16.178463683735984,Education,Unknown,0.8970766490248002,15.188088334579458,25.0,76.92307692307693,9330522.0,1,0.0,0.0,9330522.0,0.0
130,rolandmartinunfiltered,16.104001092026962,Other,US,9.079692519250033,9.423338264573827,25.0,46.794871794871796,94438163.0,1,0.0,94438163.0,0.0,0.0
131,cumicam indepth,16.03263094431214,Other,ID,9.06942132590287,9.412678329880448,25.0,46.15384615384615,94331332.0,1,0.0,94331332.0,0.0,0.0
132,relatos de la noche,15.989515273913995,Entertainment,Unknown,0.6835032053399445,11.57215168955344,25.0,83.33333333333334,7109138.0,1,0.0,0.0,7109138.0,0.0
133,all videos,15.941743745059327,Other,US,9.031566905363773,9.373391205476945,25.0,45.51282051282051,93937607.0,1,0.0,93937607.0,0.0,0.0
134,백운기의 정치1번지,15.855498558287593,Other,KR,9.000272988323072,9.340912884732843,25.0,44.871794871794876,93612118.0,1,0.0,93612118.0,0.0,0.0
135,文昭談古論今,15.789296489683139,Other,CA,8.997305782464473,9.33783337686989,25.0,44.230769230769226,93581256.0,1,0.0,93581256.0,0.0,0.0
136,äffchen mit käffchen,15.579221231480739,Comedy,Unknown,0.9288224443473823,15.725565198050381,25.0,69.6969696969697,9660711.0,1,0.0,0.0,9660711.0,0.0
137,la cotorrisa episodios,15.403463002188875,Other,MX,8.633202549374971,8.959949663147968,25.0,42.94871794871795,89794207.0,1,0.0,89794207.0,0.0,0.0
138,the wronged hour,15.32211520797404,Other,IN,8.608830061592279,8.934654732043356,25.0,42.30769230769231,89540708.0,1,0.0,89540708.0,0.0,0.0
139,two hot takes,15.300688458011251,Comedy,US,2.3863243072204066,4.628540612914322,25.0,81.81818181818183,24820233.0,1,24820233.0,0.0,0.0,0.0
140,la corneta extendida,15.26975030733832,Comedy,ES,0.9271651086403457,15.697505431757405,25.0,66.66666666666666,9643473.0,1,0.0,0.0,9643473.0,0.0
141,acharya shri kaushik ji maharaj कथ वचक,15.231859247859102,Other,IN,8.571867764154796,8.896293495575188,25.0,41.66666666666667,89156262.0,1,0.0,89156262.0,0.0,0.0
142,韓國留學生tv,15.043317673666191,Other,KR,8.3959995250317,8.713769042931196,25.0,41.02564102564102,87327051.0,1,0.0,87327051.0,0.0,0.0
143,the young turks,14.96687441503116,Other,US,8.378558561660123,8.6956679786978,25.0,40.38461538461539,87145647.0,1,0.0,87145647.0,0.0,0.0
144,文昭思緒飛揚podcast,14.883989442288534,Other,CA,8.35201359692905,8.66811834732518,25.0,39.743589743589745,86869552.0,1,0.0,86869552.0,0.0,0.0
145,die drei rabauken,14.69795988711177,Comedy,Unknown,0.8580062913301817,14.526601889051575,25.0,63.63636363636363,8924150.0,1,0.0,0.0,8924150.0,0.0
146,聽重點新聞三立新聞台,14.66314555388571,Other,TW,8.130492864142,8.438213557791507,25.0,39.1025641025641,84565508.0,1,0.0,84565508.0,0.0,0.0
147,wissen mit johnny,14.170367973171999,Education,Unknown,0.5782851741458521,9.790742315110752,25.0,69.23076923076923,6014762.0,1,0.0,0.0,6014762.0,0.0
148,kottbruder germanletsplay paluten,13.702716376153399,Comedy,Unknown,0.6798822181373452,11.510846032393323,25.0,60.60606060606061,7071476.0,1,0.0,0.0,7071476.0,0.0
149,mordlust,13.6981386141006,True Crime,Unknown,0.9039723116063103,15.304836365561295,25.0,51.85185185185185,9402244.0,1,0.0,0.0,9402244.0,0.0
150,muttersöhnchen,13.686024068350775,Entertainment,Unknown,0.5196320461678541,8.797706893000907,25.0,66.66666666666666,5404709.0,1,0.0,0.0,5404709.0,0.0
151,matt and shanes secret,13.477699220558119,Other,Unknown,5.288355280503847,10.257351491274559,25.0,37.82051282051282,55004347.0,1,55004347.0,0.0,0.0,0.0
152,greeking out from national geographic kids,13.264359379593774,Education,Unknown,0.5430887593473714,9.194844230369673,25.0,61.53846153846154,5648683.0,1,0.0,0.0,5648683.0,0.0
153,hobbylos,13.109437790165163,Comedy,Unknown,0.6051939489659975,10.246325290532038,25.0,57.57575757575758,6294641.0,1,0.0,0.0,6294641.0,0.0
154,mord auf ex,13.096313513212255,True Crime,Unknown,0.8444131196009823,14.296460692984747,25.0,48.148148148148145,8782767.0,1,0.0,0.0,8782767.0,0.0
155,kurt krömer feelings,12.755564765259109,Comedy,Unknown,0.5921108228294323,10.024819496494693,25.0,54.54545454545454,6158563.0,1,0.0,0.0,6158563.0,0.0
156,morning wire,12.583469639343777,Other,Unknown,1.7288070835624163,18.53122792371028,25.0,30.128205128205128,17981376.0,1,0.0,0.0,0.0,17981376.0
157,snapped women who murder,12.533410492792191,True Crime,Unknown,0.7948695693527673,13.457656318356817,25.0,44.44444444444444,8267463.0,1,0.0,0.0,8267463.0,0.0
158,歴史を面白く学ぶコテンラジオ coten radio,12.492464260139634,Education,Unknown,0.5424031542350106,9.183236492033716,25.0,53.84615384615385,5641552.0,1,0.0,0.0,5641552.0,0.0
159,la cotorrisa,12.397292629494835,Comedy,Unknown,0.5778956935245965,9.784148156086918,25.0,51.515151515151516,6010711.0,1,0.0,0.0,6010711.0,0.0
160,la zanzara,12.288331974811797,News & Politics,Unknown,0.5030708994255315,8.517315958828487,25.0,53.333333333333336,5232456.0,1,0.0,0.0,5232456.0,0.0
161,kaulitz hills senf aus hollywood,12.063003008404205,Comedy,Unknown,0.5698518755298465,9.64796111077217,25.0,48.484848484848484,5927047.0,1,0.0,0.0,5927047.0,0.0
162,good hang,11.767090441923953,Other,Unknown,3.5784069043863322,6.940716999935992,25.0,35.8974358974359,37219121.0,1,37219121.0,0.0,0.0,0.0
163,大久保佳代子とらぶぶらlove,11.756072389572225,Comedy,Unknown,0.5688482250224933,9.630968658032154,25.0,45.45454545454545,5916608.0,1,0.0,0.0,5916608.0,0.0
164,checkpod der mit checker tobi,11.662521352240187,Education,Unknown,0.5267803760099566,8.918732744252956,25.0,46.15384615384615,5479059.0,1,0.0,0.0,5479059.0,0.0
165,joel osteen,11.585410186043601,Society & Culture,Unknown,0.4079663849015213,6.907134967964206,25.0,50.0,4243271.0,1,0.0,0.0,4243271.0,0.0
166,lanz precht,11.392073866726015,News & Politics,Unknown,0.44399117912057434,7.517058052495301,25.0,46.666666666666664,4617966.0,1,0.0,0.0,4617966.0,0.0
167,watch what crappens,11.306977928301508,Entertainment,Unknown,0.33631867970134377,5.694092942254179,25.0,50.0,3498061.0,1,0.0,0.0,3498061.0,0.0
168,baywatch berlin,11.171501980649776,Comedy,Unknown,0.496400791407701,8.404386712608417,25.0,42.42424242424242,5163080.0,1,0.0,0.0,5163080.0,0.0
169,verbrechen von nebenan true crime aus der nachbarschaft,11.07987583272717,True Crime,Unknown,0.5161438342646757,8.738649207603789,25.0,40.74074074074074,5368428.0,1,0.0,0.0,5368428.0,0.0
170,nadie sabe nada,10.809644124917234,Comedy,Unknown,0.4812629651089895,8.148093514844005,25.0,39.39393939393939,5005631.0,1,0.0,0.0,5005631.0,0.0
171,new heights,10.76932204943668,Sports,US,0.8664295909373969,1.6805362698399076,25.0,50.0,9011761.0,1,9011761.0,0.0,0.0,0.0
172,candace,10.681983882974269,Other,Unknown,2.5729146565293943,4.990453286368371,25.0,33.97435897435898,26760965.0,1,26760965.0,0.0,0.0,0.0
173,casefile true crime,10.561361836046789,True Crime,Unknown,0.47802270939495406,8.093233888228044,25.0,37.03703703703704,4971929.0,1,0.0,0.0,4971929.0,0.0
174,wsj whats news,10.524028130119207,News & Politics,Unknown,0.3921712199191454,6.639712600798175,25.0,40.0,4078985.0,1,0.0,0.0,4078985.0,0.0
175,panda picante,10.380662652485857,Comedy,Unknown,0.44885252413478055,7.59936377027415,25.0,36.36363636363637,4668529.0,1,0.0,0.0,4668529.0,0.0
176,creepcast,10.300140837120987,Other,Unknown,2.215067437891753,4.296368924208885,25.0,33.33333333333333,23038985.0,1,23038985.0,0.0,0.0,0.0
177,redacted declassified mysteries,10.248121408313008,Education,Unknown,0.36076192970009197,6.107932986545571,25.0,38.46153846153847,3752296.0,1,0.0,0.0,3752296.0,0.0
178,pbd,10.202066749913142,Other,Unknown,2.176807865208008,4.222160240391835,25.0,32.69230769230769,22641046.0,1,22641046.0,0.0,0.0,0.0
179,anatomy of murder,10.120740572106229,True Crime,Unknown,0.4599453668004465,7.78717277686336,25.0,33.33333333333333,4783906.0,1,0.0,0.0,4783906.0,0.0
180,giggly squad,10.067124751369866,Other,Unknown,2.0970267355112266,4.067415892430235,25.0,32.05128205128205,21811240.0,1,21811240.0,0.0,0.0,0.0
181,legend,9.833917722165808,News & Politics,Unknown,0.3861385487117135,6.537575572383096,25.0,33.33333333333333,4016239.0,1,0.0,0.0,4016239.0,0.0
182,edeltalk mit dominik kevin,9.823441531461402,Comedy,Unknown,0.3834427582551874,6.49193409500238,25.0,33.33333333333333,3988200.0,1,0.0,0.0,3988200.0,0.0
183,something was wrong,9.714307788494795,Society & Culture,Unknown,0.35535986905667283,6.016472603165626,25.0,33.33333333333333,3696109.0,1,0.0,0.0,3696109.0,0.0
184,the basement yard,9.697213684499355,Other,Unknown,1.752617607822215,3.3993961978130325,25.0,31.41025641025641,18229030.0,1,18229030.0,0.0,0.0,0.0
185,cold case files,9.682364072734735,True Crime,Unknown,0.4424456592522248,7.490891400728297,25.0,29.629629629629626,4601891.0,1,0.0,0.0,4601891.0,0.0
186,2 bears 1 cave,9.626118572650645,Other,Unknown,1.7447424269564908,3.3841214112466127,25.0,30.76923076923077,18147120.0,1,18147120.0,0.0,0.0,0.0
187,shged married annoyed,9.500161643652516,Comedy,Unknown,0.3782320247992032,6.403713004749423,25.0,30.303030303030305,3934003.0,1,0.0,0.0,3934003.0,0.0
188,the stories of mahabharata,9.47183958840252,Entertainment,Unknown,0.2929666310694262,4.960114697672378,25.0,33.33333333333333,3047155.0,1,0.0,0.0,3047155.0,0.0
189,crime conspiracy cults and murder,9.469949656111169,Other,Unknown,1.7132489143172398,3.3230362511730034,25.0,29.48717948717949,17819555.0,1,17819555.0,0.0,0.0,0.0
190,serial killers,9.394093106702439,Other,Unknown,1.7000112842659973,3.2973603997702745,25.0,28.846153846153843,17681870.0,1,17681870.0,0.0,0.0,0.0
191,英語で雑談kevins english room plus,9.371147170576599,Education,Unknown,0.333036793498786,5.63852848452064,25.0,30.76923076923077,3463926.0,1,0.0,0.0,3463926.0,0.0
192,the tim dillon,9.325856137919788,Other,Unknown,1.6953550150763133,3.2883290493440542,25.0,28.205128205128204,17633440.0,1,17633440.0,0.0,0.0,0.0
193,allin with chamath jason sacks friedberg,9.228853683624374,Other,Unknown,1.6583023419824527,3.216461281114457,25.0,27.564102564102566,17248054.0,1,17248054.0,0.0,0.0,0.0
194,andrew schulzs flagrant,9.159399784453232,Other,Unknown,1.652275535578254,3.2047716217820676,25.0,26.923076923076923,17185369.0,1,17185369.0,0.0,0.0,0.0
195,ダイアンのtokyo style,9.121826737737575,Comedy,Unknown,0.35885423419603013,6.075634466834163,25.0,27.27272727272727,3732454.0,1,0.0,0.0,3732454.0,0.0
196,behind the bastards,9.073587967611747,Other,Unknown,1.6278260361990113,3.15734910653557,25.0,26.282051282051285,16931069.0,1,16931069.0,0.0,0.0,0.0
197,ながら日経,9.049209243814875,News & Politics,Unknown,0.3557633867479614,6.023304418871138,25.0,26.666666666666668,3700306.0,1,0.0,0.0,3700306.0,0.0
198,park predators,9.038705572216632,True Crime,Unknown,0.37212166898501375,6.300260725657656,25.0,25.925925925925924,3870449.0,1,0.0,0.0,3870449.0,0.0
199,rotten mango video,8.889854530248586,Other,Unknown,1.4930947768277771,2.8960228886606694,25.0,25.64102564102564,15529725.0,1,15529725.0,0.0,0.0,0.0
200,murder in america,8.825652255539655,Other,Unknown,1.4929824802675138,2.8958050770294936,25.0,25.0,15528557.0,1,15528557.0,0.0,0.0,0.0
201,マユリカのうなげろりん,8.750043047194476,Comedy,Unknown,0.3411622380172205,5.776097519717203,25.0,24.242424242424242,3548439.0,1,0.0,0.0,3548439.0,0.0
202,morning brew daily,8.70730857284098,Other,Unknown,1.4318947859376434,2.7773187198736027,25.0,24.358974358974358,14893182.0,1,14893182.0,0.0,0.0,0.0
203,anything goes,8.586566798837978,Other,Unknown,1.3681063016468515,2.653593881098406,25.0,23.717948717948715,14229716.0,1,14229716.0,0.0,0.0,0.0
204,英語聞き流し sakura english,8.542246688300935,Education,Unknown,0.3176822579134021,5.378566258259627,25.0,23.076923076923077,3304223.0,1,0.0,0.0,3304223.0,0.0
205,dungeons and daddies,8.51809660284934,Other,Unknown,1.3631873661877842,2.644053060315703,25.0,23.076923076923077,14178554.0,1,14178554.0,0.0,0.0,0.0
206,lo zoo di 105,8.443970281133893,Comedy,Unknown,0.3403793348577822,5.762842462464406,25.0,21.21212121212121,3540296.0,1,0.0,0.0,3540296.0,0.0
207,lex fridman,8.353769854462323,Other,Unknown,1.2503124017236844,2.4251195500536835,25.0,22.435897435897438,13004538.0,1,13004538.0,0.0,0.0,0.0
208,the vanished,8.301955848089781,True Crime,Unknown,0.277842937985063,4.704060784375135,25.0,22.22222222222222,2889853.0,1,0.0,0.0,2889853.0,0.0
209,the rest is politics,8.296899652754568,News & Politics,Unknown,0.33372528294060577,5.650185056421324,25.0,20.0,3471087.0,1,0.0,0.0,3471087.0,0.0
210,just creepy scary stories,8.269968128320762,Other,Unknown,1.2281267163923528,2.382087953187029,25.0,21.794871794871796,12773784.0,1,12773784.0,0.0,0.0,0.0
211,not another dd,8.185617908475514,Other,Unknown,1.2053233038352575,2.337858205866349,25.0,21.153846153846153,12536605.0,1,12536605.0,0.0,0.0,0.0
212,chainsfr on spotify,8.09359355742416,Other,Unknown,1.1738770941991312,2.276864795212721,25.0,20.51282051282051,12209532.0,1,12209532.0,0.0,0.0,0.0
213,wait wait dont tell me,8.059665153339937,Comedy,US,0.3194652542405277,5.408753540189275,25.0,18.181818181818183,3322768.0,1,0.0,0.0,3322768.0,0.0
214,your moms house,8.02476925219305,Other,Unknown,1.1685593521202247,2.266550444767248,25.0,19.871794871794872,12154222.0,1,12154222.0,0.0,0.0,0.0
215,fantasy footballers fantasy football,7.958689549697118,Other,Unknown,1.1663326497780178,2.2622315086559275,25.0,19.230769230769234,12131062.0,1,12131062.0,0.0,0.0,0.0
216,killer psyche,7.925403781681592,True Crime,Unknown,0.27625223028852514,4.677129073427385,25.0,18.51851851851852,2873308.0,1,0.0,0.0,2873308.0,0.0
217,scamfluencers,7.894006266345086,Society & Culture,Unknown,0.3158257111850766,5.3471337204294045,25.0,16.666666666666664,3284913.0,1,0.0,0.0,3284913.0,0.0
218,conspiracy theories,7.8882099459579145,Other,Unknown,1.1591506694255624,2.2483012613538698,25.0,18.58974358974359,12056362.0,1,12056362.0,0.0,0.0,0.0
219,the rewatchables,7.821294313446963,Other,Unknown,1.1559825219479973,2.2421562880058454,25.0,17.94871794871795,12023410.0,1,12023410.0,0.0,0.0,0.0
220,history daily,7.744650359596296,Education,Unknown,0.3103830776406034,5.254986411572279,25.0,15.384615384615385,3228304.0,1,0.0,0.0,3228304.0,0.0
221,the matt walsh,7.735349833692555,Other,Unknown,1.1313836143027884,2.194443978859651,25.0,17.307692307692307,11767556.0,1,11767556.0,0.0,0.0,0.0
222,help i sexted my boss,7.6848752418043755,Comedy,Unknown,0.3009996809008633,5.09611943101214,25.0,15.151515151515152,3130707.0,1,0.0,0.0,3130707.0,0.0
223,murder,7.636828414654776,Other,Unknown,1.0926202454069034,2.1192581264232864,25.0,16.666666666666664,11364377.0,1,11364377.0,0.0,0.0,0.0
224,não inviabilize,7.620634443244045,Entertainment,Unknown,0.24548018459123977,4.156138421408792,25.0,16.666666666666664,2553247.0,1,0.0,0.0,2553247.0,0.0
225,最新回のみ辛坊治郎 ズーム そこまで言うか,7.600823132843969,News & Politics,Unknown,0.3261573793065606,5.522055549286773,25.0,13.333333333333334,3392373.0,1,0.0,0.0,3392373.0,0.0
226,the lol,7.567104152906268,Other,Unknown,1.0862889499561685,2.106977876820406,25.0,16.025641025641026,11298525.0,1,11298525.0,0.0,0.0,0.0
227,verbrechen,7.534484549498712,True Crime,Unknown,0.2709644852359905,4.587604126996178,25.0,14.814814814814813,2818310.0,1,0.0,0.0,2818310.0,0.0
228,my brother my brother and me,7.47280259258708,Other,Unknown,1.052278090709577,2.0410100438537615,25.0,15.384615384615385,10944777.0,1,10944777.0,0.0,0.0,0.0
229,the broski report,7.40083518367,Other,Unknown,1.0434205072301794,2.023829778479678,25.0,14.743589743589745,10852649.0,1,10852649.0,0.0,0.0,0.0
230,the ryen russillo,7.285238323291918,Other,Unknown,0.9854263523892058,1.9113436842045237,25.0,14.102564102564102,10249450.0,1,10249450.0,0.0,0.0,0.0
231,parenting hell,7.279075970180642,Comedy,Unknown,0.27455461011338056,4.6483872650137,25.0,12.121212121212121,2855651.0,1,0.0,0.0,2855651.0,0.0
232,and thats why we drink,7.197993934801941,Other,Unknown,0.9593634552550164,1.8607918051029282,25.0,13.461538461538462,9978369.0,1,9978369.0,0.0,0.0,0.0
233,aktenzeichen xy unvergessene verbrechen,7.130221895702135,True Crime,Unknown,0.2622431382513643,4.439946077326713,25.0,11.11111111111111,2727599.0,1,0.0,0.0,2727599.0,0.0
234,the charlie kirk,7.124063302584676,Other,Unknown,0.9482948409568046,1.8393230002749574,25.0,12.82051282051282,9863244.0,1,9863244.0,0.0,0.0,0.0
235,office ladies,7.055838797627821,Other,Unknown,0.9436526088371531,1.830318876302634,25.0,12.179487179487179,9814960.0,1,9814960.0,0.0,0.0,0.0
236,the dr john delony,6.988759171902118,Other,Unknown,0.9402997681299085,1.8238156699550478,25.0,11.538461538461538,9780087.0,1,9780087.0,0.0,0.0,0.0
237,leyendas legendarias,6.94845464112382,Comedy,Unknown,0.26745473700618616,4.528181817649089,25.0,9.090909090909092,2781805.0,1,0.0,0.0,2781805.0,0.0
238,what now,6.921521272662542,Other,Unknown,0.936768675862109,1.8169667249394832,25.0,10.897435897435898,9743360.0,1,9743360.0,0.0,0.0,0.0
239,the meateater,6.8546828987977895,Other,Unknown,0.9336875389898849,1.8109905183091075,25.0,10.256410256410255,9711313.0,1,9711313.0,0.0,0.0,0.0
240,the viall files,6.7583293317617885,Other,Unknown,0.8973656588365736,1.7405402040251994,25.0,9.615384615384617,9333528.0,1,9333528.0,0.0,0.0,0.0
241,american history tellers,6.754672327061322,Education,Unknown,0.2535791894229685,4.293259815595344,25.0,7.6923076923076925,2637485.0,1,0.0,0.0,2637485.0,0.0
242,bedtime stories,6.73936879589754,True Crime,Unknown,0.2569724107426366,4.350709248927403,25.0,7.4074074074074066,2672778.0,1,0.0,0.0,2672778.0,0.0
243,apokalypse filterkaffee,6.7098881207660925,News & Politics,Unknown,0.2684474270615958,4.544988702843136,25.0,6.666666666666667,2792130.0,1,0.0,0.0,2792130.0,0.0
244,the bald and the beautiful,6.680939646411499,Other,Unknown,0.8824013730269676,1.7115153123105873,25.0,8.974358974358974,9177884.0,1,9177884.0,0.0,0.0,0.0
245,空気階段の踊り場,6.617328538942362,Comedy,Unknown,0.2602249729290297,4.405777232086205,25.0,6.0606060606060606,2706608.0,1,0.0,0.0,2706608.0,0.0
246,club random,6.600585363263865,Other,Unknown,0.86409828358015,1.6760144407022866,25.0,8.333333333333332,8987513.0,1,8987513.0,0.0,0.0,0.0
247,so true,6.528392154215074,Other,Unknown,0.8549863983867999,1.6583409289545228,25.0,7.6923076923076925,8892740.0,1,8892740.0,0.0,0.0,0.0
248,therapuss,6.460163210087388,Other,Unknown,0.8503391667627532,1.6493271078890308,25.0,7.051282051282051,8844404.0,1,8844404.0,0.0,0.0,0.0
249,the big picture,6.375207299529665,Other,Unknown,0.8268536102886477,1.6037742667984962,25.0,6.41025641025641,8600130.0,1,8600130.0,0.0,0.0,0.0
250,run fool,6.329825639828222,True Crime,Unknown,0.24689225614996152,4.180045706914357,25.0,3.7037037037037033,2567934.0,1,0.0,0.0,2567934.0,0.0
251,true crime,6.310474458537712,Other,Unknown,0.8261437768088328,1.6023974660510925,25.0,5.769230769230769,8592747.0,1,8592747.0,0.0,0.0,0.0
252,gemischtes hack,6.300711208023555,Comedy,Unknown,0.25672868490336653,4.346582812707847,25.0,3.0303030303030303,2670243.0,1,0.0,0.0,2670243.0,0.0
253,critical role,6.239667465949693,Other,Unknown,0.8185930830072253,1.5877520581278375,25.0,5.128205128205128,8514212.0,1,8514212.0,0.0,0.0,0.0
254,are you garbage comedy,6.16409553568619,Other,Unknown,0.8056759981031727,1.5626979395832754,25.0,4.487179487179487,8379861.0,1,8379861.0,0.0,0.0,0.0
255,danny jones,6.089048110530151,Other,Unknown,0.7933496238722859,1.5387895698931155,25.0,3.8461538461538463,8251654.0,1,8251654.0,0.0,0.0,0.0
256,jesser,6.024503251349174,Other,Unknown,0.7928515001747481,1.5378234037448966,25.0,3.205128205128205,8246473.0,1,8246473.0,0.0,0.0,0.0
257,the bulwark,5.936509240569379,Other,Unknown,0.7659443598079627,1.485634021275706,25.0,2.564102564102564,7966611.0,1,7966611.0,0.0,0.0,0.0
258,timcast irl,5.871802437021726,Other,Unknown,0.7652638503443123,1.4843140977093878,25.0,1.9230769230769231,7959533.0,1,7959533.0,0.0,0.0,0.0
259,stavvys world,5.8049041343507515,Other,Unknown,0.762115220162752,1.4782069803212339,25.0,1.282051282051282,7926784.0,1,7926784.0,0.0,0.0,0.0
260,the yard,5.732631276333003,Other,Unknown,0.7529136323232327,1.4603594803441151,25.0,0.641025641025641,7831078.0,1,7831078.0,0.0,0.0,0.0
